FECHA DOCUMENTO;COD. CLIENTE;VALOR PAGADO;FECHA PAGO;MÉTODO DE PAGO;ARCHIVO_ORIGEN
2022026.0;1210196936.0;302000.0;2/02/2026;CONSIGNACIÓN;PAGOS02022026.csv
2022026.0;1224115561.0;292500.0;2/02/2026;CONSIGNACIÓN;PAGOS02022026.csv
2022026.0;1210561390.0;198500.0;2/02/2026;CONSIGNACIÓN;PAGOS02022026.csv
2022026.0;1201918905.0;234669.0;2/02/2026;CONSIGNACIÓN;PAGOS02022026.csv
2022026.0;1224380437.0;1217900.0;2/02/2026;CONSIGNACIÓN;PAGOS02022026.csv
2022026.0;1210087416.0;347000.0;2/02/2026;CONSIGNACIÓN;PAGOS02022026.csv
2022026.0;1224380437.0;1812733.0;2/02/2026;CONSIGNACIÓN;PAGOS02022026.csv
2022026.0;1224175216.0;125500.0;2/02/2026;CONSIGNACIÓN;PAGOS02022026.csv
2022026.0;1200612254.0;865450.0;2/02/2026;CONSIGNACIÓN;PAGOS02022026.csv
2022026.0;1210537204.0;90000.0;2/02/2026;CONSIGNACIÓN;PAGOS02022026.csv
2022026.0;1224174668.0;219500.0;2/02/2026;CONSIGNACIÓN;PAGOS02022026.csv
2022026.0;1224174668.0;143400.0;2/02/2026;CONSIGNACIÓN;PAGOS02022026.csv
2022026.0;1224174668.0;75500.0;2/02/2026;CONSIGNACIÓN;PAGOS02022026.csv
2022026.0;1200619645.0;552528.0;2/02/2026;CONSIGNACIÓN;PAGOS02022026.csv
2022026.0;1210672886.0;436166.0;2/02/2026;CONSIGNACIÓN;PAGOS02022026.csv
2022026.0;1201906470.0;80000.0;2/02/2026;CONSIGNACIÓN;PAGOS02022026.csv
2022026.0;1224532921.0;1347022.0;2/02/2026;CONSIGNACIÓN;PAGOS02022026.csv
2022026.0;1210407932.0;293549.0;2/02/2026;CONSIGNACIÓN;PAGOS02022026.csv
2022026.0;1224665242.0;495000.0;2/02/2026;TRANSFERENCIA;PAGOS02022026.csv
2022026.0;1224069308.0;260100.0;2/02/2026;CONSIGNACIÓN;PAGOS02022026.csv
2022026.0;1224310318.0;196911.0;2/02/2026;CONSIGNACIÓN;PAGOS02022026.csv
2022026.0;1200548593.0;577100.0;2/02/2026;CONSIGNACIÓN;PAGOS02022026.csv
2022026.0;1224755464.0;443700.0;2/02/2026;CONSIGNACIÓN;PAGOS02022026.csv
2022026.0;1201444477.0;640000.0;2/02/2026;CONSIGNACIÓN;PAGOS02022026.csv
2022026.0;1224641708.0;565085.0;2/02/2026;CONSIGNACIÓN;PAGOS02022026.csv
2022026.0;1224028213.0;238000.0;2/02/2026;CONSIGNACIÓN;PAGOS02022026.csv
2022026.0;1224067748.0;1440500.0;2/02/2026;CONSIGNACIÓN;PAGOS02022026.csv
2022026.0;1224376839.0;202500.0;2/02/2026;CONSIGNACIÓN;PAGOS02022026.csv
2022026.0;1224595873.0;2728000.0;2/02/2026;CONSIGNACIÓN;PAGOS02022026.csv
2022026.0;1224703804.0;686743.0;2/02/2026;CONSIGNACIÓN;PAGOS02022026.csv
2022026.0;1224057163.0;510400.0;2/02/2026;CONSIGNACIÓN;PAGOS02022026.csv
2022026.0;1224057163.0;377900.0;2/02/2026;CONSIGNACIÓN;PAGOS02022026.csv
2022026.0;1224057163.0;535400.0;2/02/2026;CONSIGNACIÓN;PAGOS02022026.csv
2022026.0;1202608894.0;436600.0;2/02/2026;CONSIGNACIÓN;PAGOS02022026.csv
2022026.0;1224205031.0;66534.0;2/02/2026;CONSIGNACIÓN;PAGOS02022026.csv
2022026.0;1224492968.0;216334.0;2/02/2026;CONSIGNACIÓN;PAGOS02022026.csv
2022026.0;1224749461.0;268800.0;2/02/2026;CONSIGNACIÓN;PAGOS02022026.csv
2022026.0;1202251067.0;348135.0;2/02/2026;CONSIGNACIÓN;PAGOS02022026.csv
2022026.0;1224621907.0;101250.0;2/02/2026;CONSIGNACIÓN;PAGOS02022026.csv
2022026.0;1210691148.0;1318300.0;2/02/2026;TRANSFERENCIA;PAGOS02022026.csv
2022026.0;1201916695.0;114450.0;2/02/2026;CONSIGNACIÓN;PAGOS02022026.csv
2022026.0;1224084755.0;1263251.0;2/02/2026;CONSIGNACIÓN;PAGOS02022026.csv
2022026.0;1202602015.0;359100.0;2/02/2026;CONSIGNACIÓN;PAGOS02022026.csv
2022026.0;1210584618.0;1291000.0;2/02/2026;CONSIGNACIÓN;PAGOS02022026.csv
2022026.0;1210135249.0;45000.0;2/02/2026;CONSIGNACIÓN;PAGOS02022026.csv
2022026.0;1202602015.0;564900.0;2/02/2026;CONSIGNACIÓN;PAGOS02022026.csv
2022026.0;1224448776.0;199000.0;2/02/2026;CONSIGNACIÓN;PAGOS02022026.csv
2022026.0;1210135249.0;72500.0;2/02/2026;CONSIGNACIÓN;PAGOS02022026.csv
2022026.0;1210408646.0;75500.0;2/02/2026;CONSIGNACIÓN;PAGOS02022026.csv
2022026.0;1201535532.0;612024.0;2/02/2026;CONSIGNACIÓN;PAGOS02022026.csv
2022026.0;1224493608.0;1732199.0;2/02/2026;CONSIGNACIÓN;PAGOS02022026.csv
2022026.0;1210721493.0;82600.0;2/02/2026;CONSIGNACIÓN;PAGOS02022026.csv
2022026.0;1210493182.0;404170.0;2/02/2026;CONSIGNACIÓN;PAGOS02022026.csv
2022026.0;1224152121.0;2266143.0;2/02/2026;CONSIGNACIÓN;PAGOS02022026.csv
2022026.0;1210024158.0;231800.0;2/02/2026;CONSIGNACIÓN;PAGOS02022026.csv
2022026.0;1210024158.0;80351.0;2/02/2026;CONSIGNACIÓN;PAGOS02022026.csv
2022026.0;1210024158.0;221750.0;2/02/2026;CONSIGNACIÓN;PAGOS02022026.csv
2022026.0;1210625375.0;1174062.0;2/02/2026;CONSIGNACIÓN;PAGOS02022026.csv
2022026.0;1224157463.0;85810.0;2/02/2026;CONSIGNACIÓN;PAGOS02022026.csv
2022026.0;1224499750.0;193000.0;2/02/2026;CONSIGNACIÓN;PAGOS02022026.csv
2022026.0;1210543324.0;110500.0;2/02/2026;CONSIGNACIÓN;PAGOS02022026.csv
2022026.0;1210571044.0;413500.0;2/02/2026;CONSIGNACIÓN;PAGOS02022026.csv
2022026.0;1200529010.0;18400.0;2/02/2026;CONSIGNACIÓN;PAGOS02022026.csv
2022026.0;1202263735.0;646906.0;2/02/2026;CONSIGNACIÓN;PAGOS02022026.csv
2022026.0;1200529010.0;119200.0;2/02/2026;CONSIGNACIÓN;PAGOS02022026.csv
2022026.0;1224632152.0;374300.0;2/02/2026;TRANSFERENCIA;PAGOS02022026.csv
2022026.0;1224396454.0;1160064.0;2/02/2026;CONSIGNACIÓN;PAGOS02022026.csv
2022026.0;1201923852.0;103200.0;2/02/2026;CONSIGNACIÓN;PAGOS02022026.csv
2022026.0;1224327521.0;1089700.0;2/02/2026;CONSIGNACIÓN;PAGOS02022026.csv
2022026.0;1201920886.0;362650.0;2/02/2026;CONSIGNACIÓN;PAGOS02022026.csv
2022026.0;1200986505.0;271164.0;2/02/2026;CONSIGNACIÓN;PAGOS02022026.csv
2022026.0;1224486825.0;1972038.0;2/02/2026;CONSIGNACIÓN;PAGOS02022026.csv
2022026.0;1210575551.0;276950.0;2/02/2026;CONSIGNACIÓN;PAGOS02022026.csv
2022026.0;1224061188.0;967324.0;2/02/2026;CONSIGNACIÓN;PAGOS02022026.csv
2022026.0;1200723872.0;76600.0;2/02/2026;CONSIGNACIÓN;PAGOS02022026.csv
2022026.0;1224179252.0;229300.0;2/02/2026;CONSIGNACIÓN;PAGOS02022026.csv
2022026.0;1224179252.0;43560.0;2/02/2026;CONSIGNACIÓN;PAGOS02022026.csv
2022026.0;1224048956.0;783500.0;2/02/2026;CONSIGNACIÓN;PAGOS02022026.csv
2022026.0;1224346834.0;607150.0;2/02/2026;CONSIGNACIÓN;PAGOS02022026.csv
2022026.0;1200497221.0;157500.0;2/02/2026;CONSIGNACIÓN;PAGOS02022026.csv
2022026.0;1224431465.0;1553826.0;2/02/2026;CONSIGNACIÓN;PAGOS02022026.csv
2022026.0;1210310707.0;252200.0;2/02/2026;CONSIGNACIÓN;PAGOS02022026.csv
2022026.0;1210734839.0;201100.0;2/02/2026;CONSIGNACIÓN;PAGOS02022026.csv
2022026.0;1224315869.0;333400.0;2/02/2026;TRANSFERENCIA;PAGOS02022026.csv
2022026.0;1224142148.0;1543255.0;2/02/2026;CONSIGNACIÓN;PAGOS02022026.csv
2022026.0;1224493384.0;1045500.0;2/02/2026;TRANSFERENCIA;PAGOS02022026.csv
2022026.0;1224069349.0;1924800.0;2/02/2026;CONSIGNACIÓN;PAGOS02022026.csv
2022026.0;1224390759.0;568600.0;2/02/2026;CONSIGNACIÓN;PAGOS02022026.csv
2022026.0;1210040098.0;1087116.0;2/02/2026;CONSIGNACIÓN;PAGOS02022026.csv
2022026.0;1210206124.0;221335.0;2/02/2026;CONSIGNACIÓN;PAGOS02022026.csv
2022026.0;1210425938.0;1242012.0;2/02/2026;CONSIGNACIÓN;PAGOS02022026.csv
2022026.0;1224179252.0;167600.0;2/02/2026;CONSIGNACIÓN;PAGOS02022026.csv
2022026.0;1224668880.0;585600.0;2/02/2026;CONSIGNACIÓN;PAGOS02022026.csv
2022026.0;1224149918.0;661000.0;2/02/2026;CONSIGNACIÓN;PAGOS02022026.csv
2022026.0;1200804583.0;756400.0;2/02/2026;CONSIGNACIÓN;PAGOS02022026.csv
2022026.0;1210275162.0;1143700.0;2/02/2026;WALLET;PAGOS02022026.csv
2022026.0;1224074134.0;301390.0;2/02/2026;WALLET;PAGOS02022026.csv
2022026.0;1210620340.0;367959.0;2/02/2026;WALLET;PAGOS02022026.csv
2022026.0;1210529303.0;805224.0;2/02/2026;WALLET;PAGOS02022026.csv
2022026.0;1224086360.0;658756.0;2/02/2026;WALLET;PAGOS02022026.csv
2022026.0;1224236086.0;301532.0;2/02/2026;WALLET;PAGOS02022026.csv
2022026.0;1224580085.0;618800.0;2/02/2026;WALLET;PAGOS02022026.csv
2022026.0;1210360149.0;751500.0;2/02/2026;WALLET;PAGOS02022026.csv
2022026.0;1224527697.0;972860.0;2/02/2026;WALLET;PAGOS02022026.csv
2022026.0;1224517821.0;222821.0;2/02/2026;WALLET;PAGOS02022026.csv
2022026.0;1224635054.0;904200.0;2/02/2026;WALLET;PAGOS02022026.csv
2022026.0;1224698181.0;914054.0;2/02/2026;WALLET;PAGOS02022026.csv
2022026.0;1200034367.0;491400.0;2/02/2026;WALLET;PAGOS02022026.csv
2022026.0;1224634951.0;87100.0;2/02/2026;WALLET;PAGOS02022026.csv
2022026.0;1210253473.0;334400.0;2/02/2026;WALLET;PAGOS02022026.csv
2022026.0;1224211625.0;2673303.0;2/02/2026;WALLET;PAGOS02022026.csv
2022026.0;1210722931.0;1113400.0;2/02/2026;WALLET;PAGOS02022026.csv
2022026.0;1224584522.0;226963.0;2/02/2026;WALLET;PAGOS02022026.csv
2022026.0;1210462433.0;353893.0;2/02/2026;WALLET;PAGOS02022026.csv
2022026.0;1224450929.0;1322092.0;2/02/2026;WALLET;PAGOS02022026.csv
2022026.0;1210644570.0;359400.0;2/02/2026;WALLET;PAGOS02022026.csv
2022026.0;1224740072.0;990000.0;2/02/2026;WALLET;PAGOS02022026.csv
2022026.0;1224558687.0;788993.0;2/02/2026;WALLET;PAGOS02022026.csv
2022026.0;1200370768.0;461910.0;2/02/2026;WALLET;PAGOS02022026.csv
2022026.0;1224576081.0;142050.0;2/02/2026;WALLET;PAGOS02022026.csv
2022026.0;1224600009.0;2759299.0;2/02/2026;WALLET;PAGOS02022026.csv
2022026.0;1224236086.0;774924.0;2/02/2026;WALLET;PAGOS02022026.csv
2022026.0;1224000155.0;1043012.0;2/02/2026;WALLET;PAGOS02022026.csv
2022026.0;1224023928.0;143700.0;2/02/2026;WALLET;PAGOS02022026.csv
2022026.0;1224479789.0;96800.0;2/02/2026;WALLET;PAGOS02022026.csv
2022026.0;1224450079.0;314200.0;2/02/2026;WALLET;PAGOS02022026.csv
2022026.0;1200492136.0;1721500.0;2/02/2026;CONSIGNACIÓN;PAGOS02022026.csv
2022026.0;1205004677.0;1257108.0;2/02/2026;CONSIGNACIÓN;PAGOS02022026.csv
2022026.0;1224540254.0;1062000.0;2/02/2026;CONSIGNACIÓN;PAGOS02022026.csv
2022026.0;1210080294.0;961950.0;2/02/2026;CONSIGNACIÓN;PAGOS02022026.csv
2022026.0;1210498145.0;878933.0;2/02/2026;CONSIGNACIÓN;PAGOS02022026.csv
2022026.0;1200570192.0;839427.0;2/02/2026;CONSIGNACIÓN;PAGOS02022026.csv
2022026.0;1210579074.0;839300.0;2/02/2026;CONSIGNACIÓN;PAGOS02022026.csv
2022026.0;1210498145.0;835514.0;2/02/2026;CONSIGNACIÓN;PAGOS02022026.csv
2022026.0;1224331892.0;762400.0;2/02/2026;CONSIGNACIÓN;PAGOS02022026.csv
2022026.0;1224523947.0;611112.0;2/02/2026;CONSIGNACIÓN;PAGOS02022026.csv
2022026.0;1200323095.0;516400.0;2/02/2026;CONSIGNACIÓN;PAGOS02022026.csv
2022026.0;1224073786.0;498000.0;2/02/2026;CONSIGNACIÓN;PAGOS02022026.csv
2022026.0;1224249835.0;390500.0;2/02/2026;CONSIGNACIÓN;PAGOS02022026.csv
2022026.0;1224452321.0;376800.0;2/02/2026;CONSIGNACIÓN;PAGOS02022026.csv
2022026.0;1224048041.0;366820.0;2/02/2026;CONSIGNACIÓN;PAGOS02022026.csv
2022026.0;1201803276.0;340250.0;2/02/2026;CONSIGNACIÓN;PAGOS02022026.csv
2022026.0;1224086194.0;262956.0;2/02/2026;CONSIGNACIÓN;PAGOS02022026.csv
2022026.0;1210737917.0;240600.0;2/02/2026;CONSIGNACIÓN;PAGOS02022026.csv
2022026.0;1224185672.0;173700.0;2/02/2026;CONSIGNACIÓN;PAGOS02022026.csv
2022026.0;1224104297.0;156250.0;2/02/2026;CONSIGNACIÓN;PAGOS02022026.csv
2022026.0;1200505498.0;147600.0;2/02/2026;CONSIGNACIÓN;PAGOS02022026.csv
2022026.0;1201002089.0;132250.0;2/02/2026;CONSIGNACIÓN;PAGOS02022026.csv
2022026.0;1224467339.0;126092.0;2/02/2026;CONSIGNACIÓN;PAGOS02022026.csv
2022026.0;1201683572.0;120000.0;2/02/2026;CONSIGNACIÓN;PAGOS02022026.csv
2022026.0;1210544567.0;105100.0;2/02/2026;CONSIGNACIÓN;PAGOS02022026.csv
2022026.0;1210544567.0;85450.0;2/02/2026;CONSIGNACIÓN;PAGOS02022026.csv
2022026.0;1210227476.0;1863200.0;2/02/2026;WALLET;PAGOS02022026.csv
2022026.0;1224429482.0;754300.0;2/02/2026;WALLET;PAGOS02022026.csv
2022026.0;1224464296.0;212361.0;2/02/2026;WALLET;PAGOS02022026.csv
2022026.0;1224421484.0;2286300.0;2/02/2026;WALLET;PAGOS02022026.csv
2022026.0;1224774513.0;226900.0;2/02/2026;WALLET;PAGOS02022026.csv
2022026.0;1224532918.0;1414700.0;2/02/2026;WALLET;PAGOS02022026.csv
2022026.0;1224736541.0;3188800.0;2/02/2026;WALLET;PAGOS02022026.csv
2022026.0;1224546958.0;75858.0;2/02/2026;WALLET;PAGOS02022026.csv
2022026.0;1210644432.0;324124.0;2/02/2026;WALLET;PAGOS02022026.csv
2022026.0;1201375185.0;905400.0;2/02/2026;WALLET;PAGOS02022026.csv
2022026.0;1224484707.0;332400.0;2/02/2026;WALLET;PAGOS02022026.csv
2022026.0;1224252038.0;860115.0;2/02/2026;WALLET;PAGOS02022026.csv
2022026.0;1224097080.0;258660.0;2/02/2026;WALLET;PAGOS02022026.csv
2022026.0;1224358592.0;698400.0;2/02/2026;WALLET;PAGOS02022026.csv
2022026.0;1210129095.0;176640.0;2/02/2026;WALLET;PAGOS02022026.csv
2022026.0;1201349305.0;368104.0;2/02/2026;WALLET;PAGOS02022026.csv
2022026.0;1224297011.0;666600.0;2/02/2026;WALLET;PAGOS02022026.csv
2022026.0;1224539323.0;350000.0;2/02/2026;WALLET;PAGOS02022026.csv
2022026.0;1224634951.0;72500.0;2/02/2026;WALLET;PAGOS02022026.csv
2022026.0;1224634951.0;55000.0;2/02/2026;WALLET;PAGOS02022026.csv
2022026.0;1224634951.0;65000.0;2/02/2026;WALLET;PAGOS02022026.csv
2022026.0;1224634951.0;50000.0;2/02/2026;WALLET;PAGOS02022026.csv
2022026.0;1224145796.0;153800.0;2/02/2026;WALLET;PAGOS02022026.csv
2022026.0;1210634566.0;145519.0;2/02/2026;WALLET;PAGOS02022026.csv
2022026.0;1224671273.0;270000.0;2/02/2026;WALLET;PAGOS02022026.csv
2022026.0;1224127716.0;52900.0;2/02/2026;CONSIGNACIÓN;PAGOS02022026.csv
2022026.0;1224433005.0;1131100.0;2/02/2026;CONSIGNACIÓN;PAGOS02022026.csv
2022026.0;1224172697.0;234150.0;2/02/2026;CONSIGNACIÓN;PAGOS02022026.csv
2022026.0;1224576196.0;240000.0;2/02/2026;TRANSFERENCIA;PAGOS02022026.csv
2022026.0;1224038731.0;415868.0;2/02/2026;CONSIGNACIÓN;PAGOS02022026.csv
2022026.0;1224022528.0;2185000.0;2/02/2026;CONSIGNACIÓN;PAGOS02022026.csv
2022026.0;1210369415.0;109784.0;2/02/2026;TRANSFERENCIA;PAGOS02022026.csv
2022026.0;1224237379.0;358800.0;2/02/2026;CONSIGNACIÓN;PAGOS02022026.csv
2022026.0;1201263700.0;900000.0;2/02/2026;CONSIGNACIÓN;PAGOS02022026.csv
2022026.0;1200014272.0;162049.0;2/02/2026;CONSIGNACIÓN;PAGOS02022026.csv
2022026.0;1200014272.0;52400.0;2/02/2026;CONSIGNACIÓN;PAGOS02022026.csv
2022026.0;1205100568.0;214137.0;2/02/2026;CONSIGNACIÓN;PAGOS02022026.csv
2022026.0;1200014272.0;366286.0;2/02/2026;CONSIGNACIÓN;PAGOS02022026.csv
2022026.0;1200014272.0;548432.0;2/02/2026;CONSIGNACIÓN;PAGOS02022026.csv
2022026.0;1200014272.0;266942.0;2/02/2026;CONSIGNACIÓN;PAGOS02022026.csv
2022026.0;1224338802.0;27000.0;2/02/2026;CONSIGNACIÓN;PAGOS02022026.csv
2022026.0;1200014272.0;70000.0;2/02/2026;CONSIGNACIÓN;PAGOS02022026.csv
2022026.0;1224338802.0;27861.0;2/02/2026;CONSIGNACIÓN;PAGOS02022026.csv
2022026.0;1224338802.0;18000.0;2/02/2026;CONSIGNACIÓN;PAGOS02022026.csv
2022026.0;1224634951.0;81700.0;2/02/2026;WALLET;PAGOS02022026.csv
2022026.0;1224634951.0;67500.0;2/02/2026;WALLET;PAGOS02022026.csv
2022026.0;1210458938.0;212805.0;2/02/2026;WALLET;PAGOS02022026.csv
2022026.0;1224652352.0;166021.0;2/02/2026;WALLET;PAGOS02022026.csv
2022026.0;1224628712.0;953184.0;2/02/2026;WALLET;PAGOS02022026.csv
2022026.0;1201681885.0;284819.0;2/02/2026;WALLET;PAGOS02022026.csv
2022026.0;1210039028.0;1912200.0;2/02/2026;WALLET;PAGOS02022026.csv
2022026.0;1210039028.0;814000.0;2/02/2026;WALLET;PAGOS02022026.csv
2022026.0;1210655410.0;9563523.0;2/02/2026;WALLET;PAGOS02022026.csv
2022026.0;1210715079.0;934700.0;2/02/2026;WALLET;PAGOS02022026.csv
2022026.0;1224576081.0;269551.0;2/02/2026;WALLET;PAGOS02022026.csv
2022026.0;1224538842.0;670600.0;2/02/2026;WALLET;PAGOS02022026.csv
2022026.0;1224666792.0;1340000.0;2/02/2026;WALLET;PAGOS02022026.csv
2022026.0;1210701063.0;346701.0;2/02/2026;WALLET;PAGOS02022026.csv
2022026.0;1210701063.0;299485.0;2/02/2026;WALLET;PAGOS02022026.csv
2022026.0;1224756982.0;306640.0;2/02/2026;WALLET;PAGOS02022026.csv
2022026.0;1224565004.0;840888.0;2/02/2026;WALLET;PAGOS02022026.csv
2022026.0;1224732188.0;187500.0;2/02/2026;WALLET;PAGOS02022026.csv
2022026.0;1224762831.0;284956.0;2/02/2026;WALLET;PAGOS02022026.csv
2022026.0;1224064213.0;293952.0;2/02/2026;WALLET;PAGOS02022026.csv
2022026.0;1224776479.0;2893366.0;2/02/2026;WALLET;PAGOS02022026.csv
3022026.0;1202608603.0;364900.0;3/02/2026;CONSIGNACIÓN;PAGOS03022026.csv
3022026.0;1210369504.0;165000.0;3/02/2026;CONSIGNACIÓN;PAGOS03022026.csv
3022026.0;1210039259.0;3133200.0;3/02/2026;CONSIGNACIÓN;PAGOS03022026.csv
3022026.0;1210386154.0;43512.0;3/02/2026;CONSIGNACIÓN;PAGOS03022026.csv
3022026.0;1210386154.0;36000.0;3/02/2026;CONSIGNACIÓN;PAGOS03022026.csv
3022026.0;1224103890.0;1071654.0;3/02/2026;CONSIGNACIÓN;PAGOS03022026.csv
3022026.0;1210043772.0;205388.0;3/02/2026;CONSIGNACIÓN;PAGOS03022026.csv
3022026.0;1200500940.0;891083.0;3/02/2026;CONSIGNACIÓN;PAGOS03022026.csv
3022026.0;1210638770.0;155000.0;3/02/2026;CONSIGNACIÓN;PAGOS03022026.csv
3022026.0;1224441471.0;343900.0;3/02/2026;CONSIGNACIÓN;PAGOS03022026.csv
3022026.0;1201272753.0;694966.0;3/02/2026;CONSIGNACIÓN;PAGOS03022026.csv
3022026.0;1224456131.0;656000.0;3/02/2026;CONSIGNACIÓN;PAGOS03022026.csv
3022026.0;1201873058.0;573000.0;3/02/2026;CONSIGNACIÓN;PAGOS03022026.csv
3022026.0;1200610916.0;255260.0;3/02/2026;CONSIGNACIÓN;PAGOS03022026.csv
3022026.0;1210544804.0;163300.0;3/02/2026;CONSIGNACIÓN;PAGOS03022026.csv
3022026.0;1200517017.0;933804.0;3/02/2026;CONSIGNACIÓN;PAGOS03022026.csv
3022026.0;1210737917.0;286380.0;3/02/2026;CONSIGNACIÓN;PAGOS03022026.csv
3022026.0;1224490256.0;94800.0;3/02/2026;CONSIGNACIÓN;PAGOS03022026.csv
3022026.0;1224481200.0;111647.0;3/02/2026;CONSIGNACIÓN;PAGOS03022026.csv
3022026.0;1224481200.0;55856.0;3/02/2026;CONSIGNACIÓN;PAGOS03022026.csv
3022026.0;1224481200.0;52500.0;3/02/2026;CONSIGNACIÓN;PAGOS03022026.csv
3022026.0;1200111063.0;125000.0;3/02/2026;TRANSFERENCIA;PAGOS03022026.csv
3022026.0;1202610622.0;165900.0;3/02/2026;CONSIGNACIÓN;PAGOS03022026.csv
3022026.0;1224605773.0;1068201.0;3/02/2026;CONSIGNACIÓN;PAGOS03022026.csv
3022026.0;1224237819.0;183926.0;3/02/2026;CONSIGNACIÓN;PAGOS03022026.csv
3022026.0;1224439061.0;1117100.0;3/02/2026;CONSIGNACIÓN;PAGOS03022026.csv
3022026.0;1200802589.0;2498617.0;3/02/2026;CONSIGNACIÓN;PAGOS03022026.csv
3022026.0;1210700846.0;294674.0;3/02/2026;CONSIGNACIÓN;PAGOS03022026.csv
3022026.0;1224124095.0;36700.0;3/02/2026;CONSIGNACIÓN;PAGOS03022026.csv
3022026.0;1224138433.0;71700.0;3/02/2026;CONSIGNACIÓN;PAGOS03022026.csv
3022026.0;1224124095.0;30600.0;3/02/2026;CONSIGNACIÓN;PAGOS03022026.csv
3022026.0;1210173571.0;123400.0;3/02/2026;CONSIGNACIÓN;PAGOS03022026.csv
3022026.0;1200497221.0;180000.0;3/02/2026;CONSIGNACIÓN;PAGOS03022026.csv
3022026.0;1200572849.0;244475.0;3/02/2026;CONSIGNACIÓN;PAGOS03022026.csv
3022026.0;1210650402.0;133850.0;3/02/2026;CONSIGNACIÓN;PAGOS03022026.csv
3022026.0;1224647403.0;2889384.0;3/02/2026;CONSIGNACIÓN;PAGOS03022026.csv
3022026.0;1210009627.0;767400.0;3/02/2026;CONSIGNACIÓN;PAGOS03022026.csv
3022026.0;1224065705.0;583494.0;3/02/2026;CONSIGNACIÓN;PAGOS03022026.csv
3022026.0;1224065705.0;423712.0;3/02/2026;CONSIGNACIÓN;PAGOS03022026.csv
3022026.0;1224065696.0;269572.0;3/02/2026;CONSIGNACIÓN;PAGOS03022026.csv
3022026.0;1224065696.0;416121.0;3/02/2026;CONSIGNACIÓN;PAGOS03022026.csv
3022026.0;1224573927.0;137389.0;3/02/2026;CONSIGNACIÓN;PAGOS03022026.csv
3022026.0;1201802197.0;604800.0;3/02/2026;CONSIGNACIÓN;PAGOS03022026.csv
3022026.0;1201002988.0;246350.0;3/02/2026;CONSIGNACIÓN;PAGOS03022026.csv
3022026.0;1224501819.0;2309580.0;3/02/2026;CONSIGNACIÓN;PAGOS03022026.csv
3022026.0;1205100568.0;175000.0;3/02/2026;CONSIGNACIÓN;PAGOS03022026.csv
3022026.0;1224087980.0;160893.0;3/02/2026;CONSIGNACIÓN;PAGOS03022026.csv
3022026.0;1224735156.0;911132.0;3/02/2026;CONSIGNACIÓN;PAGOS03022026.csv
3022026.0;1210617638.0;470254.0;3/02/2026;CONSIGNACIÓN;PAGOS03022026.csv
3022026.0;1205008512.0;236000.0;3/02/2026;CONSIGNACIÓN;PAGOS03022026.csv
3022026.0;1224382916.0;170000.0;3/02/2026;CONSIGNACIÓN;PAGOS03022026.csv
3022026.0;1224582493.0;2978900.0;3/02/2026;CONSIGNACIÓN;PAGOS03022026.csv
3022026.0;1210128341.0;703128.0;3/02/2026;CONSIGNACIÓN;PAGOS03022026.csv
3022026.0;1210544188.0;65000.0;3/02/2026;CONSIGNACIÓN;PAGOS03022026.csv
3022026.0;1201187802.0;70200.0;3/02/2026;WALLET;PAGOS03022026.csv
3022026.0;1224810694.0;1525355.0;3/02/2026;WALLET;PAGOS03022026.csv
3022026.0;1224810880.0;525225.0;3/02/2026;WALLET;PAGOS03022026.csv
3022026.0;1224630796.0;2758752.0;3/02/2026;WALLET;PAGOS03022026.csv
3022026.0;1224615530.0;50200.0;3/02/2026;WALLET;PAGOS03022026.csv
3022026.0;1210730392.0;145200.0;3/02/2026;WALLET;PAGOS03022026.csv
3022026.0;1210730392.0;116400.0;3/02/2026;WALLET;PAGOS03022026.csv
3022026.0;1224385372.0;125000.0;3/02/2026;WALLET;PAGOS03022026.csv
3022026.0;1224385372.0;62500.0;3/02/2026;WALLET;PAGOS03022026.csv
3022026.0;1210529303.0;620686.0;3/02/2026;WALLET;PAGOS03022026.csv
3022026.0;1224040040.0;195192.0;3/02/2026;WALLET;PAGOS03022026.csv
3022026.0;1210627771.0;546696.0;3/02/2026;WALLET;PAGOS03022026.csv
3022026.0;1200419631.0;189705.0;3/02/2026;WALLET;PAGOS03022026.csv
3022026.0;1210367797.0;842100.0;3/02/2026;WALLET;PAGOS03022026.csv
3022026.0;1224410849.0;356400.0;3/02/2026;WALLET;PAGOS03022026.csv
3022026.0;1224482276.0;1240600.0;3/02/2026;WALLET;PAGOS03022026.csv
3022026.0;1210325819.0;107700.0;3/02/2026;WALLET;PAGOS03022026.csv
3022026.0;1210434992.0;117000.0;3/02/2026;WALLET;PAGOS03022026.csv
3022026.0;1224737841.0;820182.0;3/02/2026;WALLET;PAGOS03022026.csv
3022026.0;1201683835.0;565730.0;3/02/2026;WALLET;PAGOS03022026.csv
3022026.0;1224718837.0;2047881.0;3/02/2026;WALLET;PAGOS03022026.csv
3022026.0;1224525552.0;322800.0;3/02/2026;WALLET;PAGOS03022026.csv
3022026.0;1201375375.0;1709471.0;3/02/2026;WALLET;PAGOS03022026.csv
3022026.0;1224531503.0;413100.0;3/02/2026;WALLET;PAGOS03022026.csv
3022026.0;1224204776.0;172800.0;3/02/2026;WALLET;PAGOS03022026.csv
3022026.0;1224306749.0;1199600.0;3/02/2026;WALLET;PAGOS03022026.csv
3022026.0;1210515812.0;202350.0;3/02/2026;WALLET;PAGOS03022026.csv
3022026.0;1224095228.0;160854.0;3/02/2026;WALLET;PAGOS03022026.csv
3022026.0;1210060941.0;2715444.0;3/02/2026;WALLET;PAGOS03022026.csv
3022026.0;1210627361.0;78800.0;3/02/2026;WALLET;PAGOS03022026.csv
3022026.0;1224421918.0;771691.0;3/02/2026;WALLET;PAGOS03022026.csv
3022026.0;1210596349.0;5398900.0;3/02/2026;WALLET;PAGOS03022026.csv
3022026.0;1224476219.0;301428.0;3/02/2026;WALLET;PAGOS03022026.csv
3022026.0;1224736541.0;2410100.0;3/02/2026;WALLET;PAGOS03022026.csv
3022026.0;1224144958.0;50200.0;3/02/2026;WALLET;PAGOS03022026.csv
3022026.0;1210328847.0;218500.0;3/02/2026;WALLET;PAGOS03022026.csv
3022026.0;1210536905.0;268460.0;3/02/2026;WALLET;PAGOS03022026.csv
3022026.0;1224403248.0;186450.0;3/02/2026;WALLET;PAGOS03022026.csv
3022026.0;1201272753.0;510477.0;3/02/2026;CONSIGNACIÓN;PAGOS03022026.csv
3022026.0;1224331573.0;1053200.0;3/02/2026;CONSIGNACIÓN;PAGOS03022026.csv
3022026.0;1210408646.0;122500.0;3/02/2026;CONSIGNACIÓN;PAGOS03022026.csv
3022026.0;1224236577.0;1245903.0;3/02/2026;CONSIGNACIÓN;PAGOS03022026.csv
3022026.0;1224705585.0;166261.0;3/02/2026;CONSIGNACIÓN;PAGOS03022026.csv
3022026.0;1224536644.0;909920.0;3/02/2026;CONSIGNACIÓN;PAGOS03022026.csv
3022026.0;1201682049.0;363900.0;3/02/2026;CONSIGNACIÓN;PAGOS03022026.csv
3022026.0;1224641708.0;277900.0;3/02/2026;CONSIGNACIÓN;PAGOS03022026.csv
3022026.0;1210604386.0;793600.0;3/02/2026;CONSIGNACIÓN;PAGOS03022026.csv
3022026.0;1224032874.0;387072.0;3/02/2026;CONSIGNACIÓN;PAGOS03022026.csv
3022026.0;1224731075.0;270900.0;3/02/2026;CONSIGNACIÓN;PAGOS03022026.csv
3022026.0;1201687085.0;69000.0;3/02/2026;CONSIGNACIÓN;PAGOS03022026.csv
3022026.0;1224362165.0;3071605.0;3/02/2026;CONSIGNACIÓN;PAGOS03022026.csv
3022026.0;1201687085.0;129330.0;3/02/2026;CONSIGNACIÓN;PAGOS03022026.csv
3022026.0;1201687085.0;155800.0;3/02/2026;CONSIGNACIÓN;PAGOS03022026.csv
3022026.0;1224674596.0;497100.0;3/02/2026;CONSIGNACIÓN;PAGOS03022026.csv
3022026.0;1224261829.0;2502000.0;3/02/2026;CONSIGNACIÓN;PAGOS03022026.csv
3022026.0;1224261829.0;400000.0;3/02/2026;CONSIGNACIÓN;PAGOS03022026.csv
3022026.0;1224358753.0;472100.0;3/02/2026;CONSIGNACIÓN;PAGOS03022026.csv
3022026.0;1210196936.0;61199.0;3/02/2026;CONSIGNACIÓN;PAGOS03022026.csv
3022026.0;1210469068.0;696500.0;3/02/2026;CONSIGNACIÓN;PAGOS03022026.csv
3022026.0;1224196436.0;413195.0;3/02/2026;CONSIGNACIÓN;PAGOS03022026.csv
3022026.0;1224103890.0;1071654.0;3/02/2026;CONSIGNACIÓN;PAGOS03022026.csv
3022026.0;1224217606.0;146000.0;3/02/2026;CONSIGNACIÓN;PAGOS03022026.csv
3022026.0;1201346424.0;235400.0;3/02/2026;CONSIGNACIÓN;PAGOS03022026.csv
3022026.0;1210522973.0;173000.0;3/02/2026;CONSIGNACIÓN;PAGOS03022026.csv
3022026.0;1210596154.0;253300.0;3/02/2026;CONSIGNACIÓN;PAGOS03022026.csv
3022026.0;1210156805.0;353100.0;3/02/2026;CONSIGNACIÓN;PAGOS03022026.csv
3022026.0;1224295465.0;401161.0;3/02/2026;WALLET;PAGOS03022026.csv
3022026.0;1210226875.0;407600.0;3/02/2026;WALLET;PAGOS03022026.csv
3022026.0;1210720119.0;58900.0;3/02/2026;WALLET;PAGOS03022026.csv
3022026.0;1224644858.0;833300.0;3/02/2026;WALLET;PAGOS03022026.csv
3022026.0;1224411512.0;445769.0;3/02/2026;WALLET;PAGOS03022026.csv
3022026.0;1202483750.0;967025.0;3/02/2026;WALLET;PAGOS03022026.csv
3022026.0;1210251817.0;560431.0;3/02/2026;WALLET;PAGOS03022026.csv
3022026.0;1224639683.0;1125413.0;3/02/2026;WALLET;PAGOS03022026.csv
3022026.0;1210427220.0;249200.0;3/02/2026;WALLET;PAGOS03022026.csv
3022026.0;1224607763.0;508352.0;3/02/2026;WALLET;PAGOS03022026.csv
3022026.0;1210287874.0;905204.0;3/02/2026;WALLET;PAGOS03022026.csv
3022026.0;1210569888.0;231921.0;3/02/2026;WALLET;PAGOS03022026.csv
3022026.0;1224423773.0;1123500.0;3/02/2026;WALLET;PAGOS03022026.csv
4022026.0;1210581390.0;320650.0;4/02/2026;CONSIGNACIÓN;PAGOS04022026.csv
4022026.0;1224395217.0;465000.0;4/02/2026;CONSIGNACIÓN;PAGOS04022026.csv
4022026.0;1224810193.0;669536.0;4/02/2026;CONSIGNACIÓN;PAGOS04022026.csv
4022026.0;1210522973.0;300.0;4/02/2026;CONSIGNACIÓN;PAGOS04022026.csv
4022026.0;1224101099.0;319860.0;4/02/2026;WALLET;PAGOS04022026.csv
4022026.0;1224128020.0;2677075.0;4/02/2026;TRANSFERENCIA;PAGOS04022026.csv
4022026.0;1224334469.0;3396345.0;4/02/2026;CONSIGNACIÓN;PAGOS04022026.csv
4022026.0;1224497905.0;859100.0;4/02/2026;CONSIGNACIÓN;PAGOS04022026.csv
4022026.0;1224083398.0;656744.0;4/02/2026;CONSIGNACIÓN;PAGOS04022026.csv
4022026.0;1205102544.0;50000.0;4/02/2026;CONSIGNACIÓN;PAGOS04022026.csv
4022026.0;1224252381.0;439700.0;4/02/2026;CONSIGNACIÓN;PAGOS04022026.csv
4022026.0;1224121560.0;1202250.0;4/02/2026;CONSIGNACIÓN;PAGOS04022026.csv
4022026.0;1201379867.0;433657.0;4/02/2026;CONSIGNACIÓN;PAGOS04022026.csv
4022026.0;1201063064.0;367400.0;4/02/2026;CONSIGNACIÓN;PAGOS04022026.csv
4022026.0;1201059653.0;563600.0;4/02/2026;CONSIGNACIÓN;PAGOS04022026.csv
4022026.0;1224438809.0;260332.0;4/02/2026;CONSIGNACIÓN;PAGOS04022026.csv
4022026.0;1201804252.0;182700.0;4/02/2026;CONSIGNACIÓN;PAGOS04022026.csv
4022026.0;1210602458.0;291400.0;4/02/2026;CONSIGNACIÓN;PAGOS04022026.csv
4022026.0;1224676150.0;4807985.0;4/02/2026;TRANSFERENCIA;PAGOS04022026.csv
4022026.0;1224174668.0;191000.0;4/02/2026;CONSIGNACIÓN;PAGOS04022026.csv
4022026.0;1224058693.0;1777500.0;4/02/2026;CONSIGNACIÓN;PAGOS04022026.csv
4022026.0;1224537255.0;757383.0;4/02/2026;CONSIGNACIÓN;PAGOS04022026.csv
4022026.0;1224570751.0;1243001.0;4/02/2026;CONSIGNACIÓN;PAGOS04022026.csv
4022026.0;1224497905.0;529800.0;4/02/2026;CONSIGNACIÓN;PAGOS04022026.csv
4022026.0;1224219932.0;336100.0;4/02/2026;CONSIGNACIÓN;PAGOS04022026.csv
4022026.0;1224458359.0;251361.0;4/02/2026;CONSIGNACIÓN;PAGOS04022026.csv
4022026.0;1210539627.0;1016998.0;4/02/2026;CONSIGNACIÓN;PAGOS04022026.csv
4022026.0;1224632152.0;566300.0;4/02/2026;TRANSFERENCIA;PAGOS04022026.csv
4022026.0;1200505498.0;785796.0;4/02/2026;CONSIGNACIÓN;PAGOS04022026.csv
4022026.0;1224030239.0;227136.0;4/02/2026;CONSIGNACIÓN;PAGOS04022026.csv
4022026.0;1210428029.0;844600.0;4/02/2026;CONSIGNACIÓN;PAGOS04022026.csv
4022026.0;1210023993.0;4500000.0;4/02/2026;CONSIGNACIÓN;PAGOS04022026.csv
4022026.0;1210698591.0;1334000.0;4/02/2026;CONSIGNACIÓN;PAGOS04022026.csv
4022026.0;1201866770.0;587962.0;4/02/2026;CONSIGNACIÓN;PAGOS04022026.csv
4022026.0;1224061188.0;1041005.0;4/02/2026;CONSIGNACIÓN;PAGOS04022026.csv
4022026.0;1224588345.0;169984.0;4/02/2026;TRANSFERENCIA;PAGOS04022026.csv
4022026.0;1200312771.0;1006300.0;4/02/2026;CONSIGNACIÓN;PAGOS04022026.csv
4022026.0;1210138838.0;615782.0;4/02/2026;CONSIGNACIÓN;PAGOS04022026.csv
4022026.0;1224086194.0;356039.0;4/02/2026;CONSIGNACIÓN;PAGOS04022026.csv
4022026.0;1210622335.0;298700.0;4/02/2026;CONSIGNACIÓN;PAGOS04022026.csv
4022026.0;1210274579.0;59300.0;4/02/2026;CONSIGNACIÓN;PAGOS04022026.csv
4022026.0;1210424431.0;313800.0;4/02/2026;CONSIGNACIÓN;PAGOS04022026.csv
4022026.0;1224702328.0;1116500.0;4/02/2026;CONSIGNACIÓN;PAGOS04022026.csv
4022026.0;1200543500.0;336700.0;4/02/2026;CONSIGNACIÓN;PAGOS04022026.csv
4022026.0;1224670616.0;234600.0;4/02/2026;CONSIGNACIÓN;PAGOS04022026.csv
4022026.0;1224327212.0;497500.0;4/02/2026;CONSIGNACIÓN;PAGOS04022026.csv
4022026.0;1201348333.0;348800.0;4/02/2026;CONSIGNACIÓN;PAGOS04022026.csv
4022026.0;1224104844.0;177800.0;4/02/2026;CONSIGNACIÓN;PAGOS04022026.csv
4022026.0;1210293903.0;1432500.0;4/02/2026;CONSIGNACIÓN;PAGOS04022026.csv
4022026.0;1210293903.0;3000000.0;4/02/2026;CONSIGNACIÓN;PAGOS04022026.csv
4022026.0;1210357550.0;394800.0;4/02/2026;CONSIGNACIÓN;PAGOS04022026.csv
4022026.0;1210622695.0;65600.0;4/02/2026;CONSIGNACIÓN;PAGOS04022026.csv
4022026.0;1200518507.0;439800.0;4/02/2026;CONSIGNACIÓN;PAGOS04022026.csv
4022026.0;1224248533.0;314800.0;4/02/2026;CONSIGNACIÓN;PAGOS04022026.csv
4022026.0;1201386180.0;125300.0;4/02/2026;CONSIGNACIÓN;PAGOS04022026.csv
4022026.0;1210419907.0;7235879.0;4/02/2026;CONSIGNACIÓN;PAGOS04022026.csv
4022026.0;1224459462.0;707900.0;4/02/2026;CONSIGNACIÓN;PAGOS04022026.csv
4022026.0;1224428965.0;4639829.0;4/02/2026;CONSIGNACIÓN;PAGOS04022026.csv
4022026.0;1224752415.0;295700.0;4/02/2026;WALLET;PAGOS04022026.csv
4022026.0;1224095228.0;314504.0;4/02/2026;WALLET;PAGOS04022026.csv
4022026.0;1201346618.0;237108.0;4/02/2026;WALLET;PAGOS04022026.csv
4022026.0;1224001100.0;313945.0;4/02/2026;WALLET;PAGOS04022026.csv
4022026.0;1224396633.0;398422.0;4/02/2026;WALLET;PAGOS04022026.csv
4022026.0;1224577847.0;166900.0;4/02/2026;WALLET;PAGOS04022026.csv
4022026.0;1224041591.0;152500.0;4/02/2026;WALLET;PAGOS04022026.csv
4022026.0;1224070049.0;456300.0;4/02/2026;WALLET;PAGOS04022026.csv
4022026.0;1201001963.0;105824.0;4/02/2026;WALLET;PAGOS04022026.csv
4022026.0;1210253473.0;712500.0;4/02/2026;WALLET;PAGOS04022026.csv
4022026.0;1201681885.0;113928.0;4/02/2026;WALLET;PAGOS04022026.csv
4022026.0;1224610449.0;1336225.0;4/02/2026;WALLET;PAGOS04022026.csv
4022026.0;1210644432.0;287551.0;4/02/2026;WALLET;PAGOS04022026.csv
4022026.0;1210633036.0;797958.0;4/02/2026;WALLET;PAGOS04022026.csv
4022026.0;1224576081.0;367434.0;4/02/2026;WALLET;PAGOS04022026.csv
4022026.0;1210439136.0;573706.0;4/02/2026;WALLET;PAGOS04022026.csv
4022026.0;1224652352.0;274693.0;4/02/2026;WALLET;PAGOS04022026.csv
4022026.0;1224000728.0;1427800.0;4/02/2026;WALLET;PAGOS04022026.csv
4022026.0;1210481206.0;5291102.0;4/02/2026;WALLET;PAGOS04022026.csv
4022026.0;1224563298.0;219763.0;4/02/2026;WALLET;PAGOS04022026.csv
4022026.0;1224450079.0;200600.0;4/02/2026;WALLET;PAGOS04022026.csv
4022026.0;1201531594.0;159200.0;4/02/2026;WALLET;PAGOS04022026.csv
4022026.0;1224305732.0;722198.0;4/02/2026;WALLET;PAGOS04022026.csv
4022026.0;1210425746.0;2229767.0;4/02/2026;CONSIGNACIÓN;PAGOS04022026.csv
4022026.0;1210579074.0;1209500.0;4/02/2026;CONSIGNACIÓN;PAGOS04022026.csv
4022026.0;1224027422.0;977000.0;4/02/2026;CONSIGNACIÓN;PAGOS04022026.csv
4022026.0;1224445025.0;331000.0;4/02/2026;CONSIGNACIÓN;PAGOS04022026.csv
4022026.0;1224145571.0;301833.0;4/02/2026;CONSIGNACIÓN;PAGOS04022026.csv
4022026.0;1224693237.0;297000.0;4/02/2026;CONSIGNACIÓN;PAGOS04022026.csv
4022026.0;1224435725.0;290871.0;4/02/2026;CONSIGNACIÓN;PAGOS04022026.csv
4022026.0;1200111063.0;208584.0;4/02/2026;CONSIGNACIÓN;PAGOS04022026.csv
4022026.0;1224017642.0;177000.0;4/02/2026;CONSIGNACIÓN;PAGOS04022026.csv
4022026.0;1210666005.0;173700.0;4/02/2026;CONSIGNACIÓN;PAGOS04022026.csv
4022026.0;1201809119.0;164000.0;4/02/2026;CONSIGNACIÓN;PAGOS04022026.csv
4022026.0;1224079655.0;152950.0;4/02/2026;CONSIGNACIÓN;PAGOS04022026.csv
4022026.0;1201365896.0;98800.0;4/02/2026;CONSIGNACIÓN;PAGOS04022026.csv
4022026.0;1200389443.0;55000.0;4/02/2026;CONSIGNACIÓN;PAGOS04022026.csv
4022026.0;1210183402.0;40499.0;4/02/2026;CONSIGNACIÓN;PAGOS04022026.csv
4022026.0;1210183402.0;27625.0;4/02/2026;CONSIGNACIÓN;PAGOS04022026.csv
4022026.0;1224442007.0;319976.0;4/02/2026;WALLET;PAGOS04022026.csv
4022026.0;1224754798.0;1703699.0;4/02/2026;WALLET;PAGOS04022026.csv
4022026.0;1210614430.0;488151.0;4/02/2026;WALLET;PAGOS04022026.csv
4022026.0;1224037028.0;486925.0;4/02/2026;WALLET;PAGOS04022026.csv
4022026.0;1224530452.0;985345.0;4/02/2026;WALLET;PAGOS04022026.csv
4022026.0;1224769845.0;231700.0;4/02/2026;WALLET;PAGOS04022026.csv
4022026.0;1224584890.0;1231400.0;4/02/2026;WALLET;PAGOS04022026.csv
4022026.0;1200779345.0;144250.0;4/02/2026;WALLET;PAGOS04022026.csv
4022026.0;1224242112.0;413108.0;4/02/2026;WALLET;PAGOS04022026.csv
4022026.0;1210660729.0;118600.0;4/02/2026;WALLET;PAGOS04022026.csv
4022026.0;1210692160.0;135564.0;4/02/2026;WALLET;PAGOS04022026.csv
4022026.0;1224645155.0;794831.0;4/02/2026;WALLET;PAGOS04022026.csv
4022026.0;1224030846.0;478384.0;4/02/2026;CONSIGNACIÓN;PAGOS04022026.csv
4022026.0;1200529010.0;43020.0;4/02/2026;CONSIGNACIÓN;PAGOS04022026.csv
4022026.0;1224038440.0;2327400.0;4/02/2026;CONSIGNACIÓN;PAGOS04022026.csv
4022026.0;1201723920.0;891700.0;4/02/2026;CONSIGNACIÓN;PAGOS04022026.csv
4022026.0;1210425938.0;1248208.0;4/02/2026;CONSIGNACIÓN;PAGOS04022026.csv
4022026.0;1224502209.0;171300.0;4/02/2026;CONSIGNACIÓN;PAGOS04022026.csv
4022026.0;1224104393.0;283785.0;4/02/2026;CONSIGNACIÓN;PAGOS04022026.csv
4022026.0;1224583213.0;522755.0;4/02/2026;CONSIGNACIÓN;PAGOS04022026.csv
4022026.0;1224449268.0;283480.0;4/02/2026;CONSIGNACIÓN;PAGOS04022026.csv
4022026.0;1210662257.0;248885.0;4/02/2026;CONSIGNACIÓN;PAGOS04022026.csv
4022026.0;1224042007.0;45000.0;4/02/2026;CONSIGNACIÓN;PAGOS04022026.csv
4022026.0;1224042007.0;534645.0;4/02/2026;CONSIGNACIÓN;PAGOS04022026.csv
4022026.0;1224042007.0;738734.0;4/02/2026;CONSIGNACIÓN;PAGOS04022026.csv
4022026.0;1200529010.0;35618.0;4/02/2026;CONSIGNACIÓN;PAGOS04022026.csv
4022026.0;1200529010.0;23760.0;4/02/2026;CONSIGNACIÓN;PAGOS04022026.csv
4022026.0;1200529010.0;287000.0;4/02/2026;CONSIGNACIÓN;PAGOS04022026.csv
4022026.0;1200802589.0;2000000.0;4/02/2026;CONSIGNACIÓN;PAGOS04022026.csv
4022026.0;1224574994.0;228400.0;4/02/2026;CONSIGNACIÓN;PAGOS04022026.csv
4022026.0;1200993512.0;169200.0;4/02/2026;CONSIGNACIÓN;PAGOS04022026.csv
4022026.0;1200993512.0;913900.0;4/02/2026;CONSIGNACIÓN;PAGOS04022026.csv
4022026.0;1205001089.0;307500.0;4/02/2026;CONSIGNACIÓN;PAGOS04022026.csv
4022026.0;1224585560.0;1134688.0;4/02/2026;CONSIGNACIÓN;PAGOS04022026.csv
4022026.0;1210594472.0;117895.0;4/02/2026;CONSIGNACIÓN;PAGOS04022026.csv
4022026.0;1210491490.0;1917658.0;4/02/2026;WALLET;PAGOS04022026.csv
4022026.0;1224312415.0;424663.0;4/02/2026;WALLET;PAGOS04022026.csv
4022026.0;1224071051.0;195676.0;4/02/2026;WALLET;PAGOS04022026.csv
4022026.0;1224610440.0;957306.0;4/02/2026;WALLET;PAGOS04022026.csv
4022026.0;1224165311.0;1566400.0;4/02/2026;WALLET;PAGOS04022026.csv
4022026.0;1210251817.0;1378800.0;4/02/2026;WALLET;PAGOS04022026.csv
4022026.0;1224157982.0;58736.0;4/02/2026;WALLET;PAGOS04022026.csv
4022026.0;1224017237.0;448073.0;4/02/2026;WALLET;PAGOS04022026.csv
4022026.0;1210507105.0;1480500.0;4/02/2026;WALLET;PAGOS04022026.csv
4022026.0;1224252511.0;1265000.0;4/02/2026;WALLET;PAGOS04022026.csv
4022026.0;1210466420.0;1066244.0;4/02/2026;WALLET;PAGOS04022026.csv
4022026.0;1210744272.0;751200.0;4/02/2026;WALLET;PAGOS04022026.csv
4022026.0;1224065524.0;532099.0;4/02/2026;WALLET;PAGOS04022026.csv
4022026.0;1210626705.0;219900.0;4/02/2026;WALLET;PAGOS04022026.csv
4022026.0;1224234511.0;469539.0;4/02/2026;WALLET;PAGOS04022026.csv
4022026.0;1224234511.0;692267.0;4/02/2026;WALLET;PAGOS04022026.csv
;;;;;PAGOS04022026.csv
;;;;;PAGOS04022026.csv
;;;;;PAGOS04022026.csv
;;;;;PAGOS04022026.csv
;;;;;PAGOS04022026.csv
;;;;;PAGOS04022026.csv
;;;;;PAGOS04022026.csv
;;;;;PAGOS04022026.csv
;;;;;PAGOS04022026.csv
;;;;;PAGOS04022026.csv
;;;;;PAGOS04022026.csv
5022026.0;1210279614.0;1874840.0;5/02/2026;WALLET;PAGOS05022026.csv
5022026.0;1200727885.0;665423.0;5/02/2026;WALLET;PAGOS05022026.csv
5022026.0;1224314571.0;315200.0;5/02/2026;CONSIGNACIÓN;PAGOS05022026.csv
5022026.0;1224383260.0;183100.0;5/02/2026;CONSIGNACIÓN;PAGOS05022026.csv
5022026.0;1210510490.0;601200.0;5/02/2026;TRANSFERENCIA;PAGOS05022026.csv
5022026.0;1224253400.0;623500.0;5/02/2026;CONSIGNACIÓN;PAGOS05022026.csv
5022026.0;1224752302.0;610962.0;5/02/2026;CONSIGNACIÓN;PAGOS05022026.csv
5022026.0;1200548073.0;651544.0;5/02/2026;CONSIGNACIÓN;PAGOS05022026.csv
5022026.0;1224398176.0;248700.0;5/02/2026;CONSIGNACIÓN;PAGOS05022026.csv
5022026.0;1200367612.0;562600.0;5/02/2026;CONSIGNACIÓN;PAGOS05022026.csv
5022026.0;1224420888.0;403600.0;5/02/2026;CONSIGNACIÓN;PAGOS05022026.csv
5022026.0;1224639808.0;248400.0;5/02/2026;TRANSFERENCIA;PAGOS05022026.csv
5022026.0;1224174502.0;54000.0;5/02/2026;CONSIGNACIÓN;PAGOS05022026.csv
5022026.0;1210154479.0;143432.0;5/02/2026;CONSIGNACIÓN;PAGOS05022026.csv
5022026.0;1224646419.0;147900.0;5/02/2026;CONSIGNACIÓN;PAGOS05022026.csv
5022026.0;1210642644.0;159800.0;5/02/2026;CONSIGNACIÓN;PAGOS05022026.csv
5022026.0;1210642644.0;180700.0;5/02/2026;CONSIGNACIÓN;PAGOS05022026.csv
5022026.0;1224081375.0;180000.0;5/02/2026;CONSIGNACIÓN;PAGOS05022026.csv
5022026.0;1224174668.0;360700.0;5/02/2026;CONSIGNACIÓN;PAGOS05022026.csv
5022026.0;1224174668.0;650200.0;5/02/2026;CONSIGNACIÓN;PAGOS05022026.csv
5022026.0;1205307755.0;278899.0;5/02/2026;CONSIGNACIÓN;PAGOS05022026.csv
5022026.0;1224309840.0;2992421.0;5/02/2026;CONSIGNACIÓN;PAGOS05022026.csv
5022026.0;1224103890.0;365204.0;5/02/2026;CONSIGNACIÓN;PAGOS05022026.csv
5022026.0;1224659721.0;1406059.0;5/02/2026;CONSIGNACIÓN;PAGOS05022026.csv
5022026.0;1224398047.0;501800.0;5/02/2026;TRANSFERENCIA;PAGOS05022026.csv
5022026.0;1224084755.0;479099.0;5/02/2026;CONSIGNACIÓN;PAGOS05022026.csv
5022026.0;1224060193.0;277800.0;5/02/2026;CONSIGNACIÓN;PAGOS05022026.csv
5022026.0;1200670242.0;548300.0;5/02/2026;CONSIGNACIÓN;PAGOS05022026.csv
5022026.0;1210743188.0;578681.0;5/02/2026;CONSIGNACIÓN;PAGOS05022026.csv
5022026.0;1224137709.0;564286.0;5/02/2026;CONSIGNACIÓN;PAGOS05022026.csv
5022026.0;1210199014.0;192500.0;5/02/2026;CONSIGNACIÓN;PAGOS05022026.csv
5022026.0;1200729355.0;2996199.0;5/02/2026;CONSIGNACIÓN;PAGOS05022026.csv
5022026.0;1210743660.0;114000.0;5/02/2026;CONSIGNACIÓN;PAGOS05022026.csv
5022026.0;1224518138.0;754200.0;5/02/2026;CONSIGNACIÓN;PAGOS05022026.csv
5022026.0;1224528692.0;499300.0;5/02/2026;CONSIGNACIÓN;PAGOS05022026.csv
5022026.0;1210196936.0;59000.0;5/02/2026;CONSIGNACIÓN;PAGOS05022026.csv
5022026.0;1224642694.0;144100.0;5/02/2026;CONSIGNACIÓN;PAGOS05022026.csv
5022026.0;1210568399.0;279762.0;5/02/2026;CONSIGNACIÓN;PAGOS05022026.csv
5022026.0;1224028937.0;260969.0;5/02/2026;CONSIGNACIÓN;PAGOS05022026.csv
5022026.0;1210232115.0;493500.0;5/02/2026;CONSIGNACIÓN;PAGOS05022026.csv
5022026.0;1224644342.0;1597000.0;5/02/2026;CONSIGNACIÓN;PAGOS05022026.csv
5022026.0;1202615168.0;354500.0;5/02/2026;CONSIGNACIÓN;PAGOS05022026.csv
5022026.0;1201016667.0;193553.0;5/02/2026;CONSIGNACIÓN;PAGOS05022026.csv
5022026.0;1224331573.0;570350.0;5/02/2026;CONSIGNACIÓN;PAGOS05022026.csv
5022026.0;1200993512.0;265600.0;5/02/2026;CONSIGNACIÓN;PAGOS05022026.csv
5022026.0;1224622471.0;1346500.0;5/02/2026;CONSIGNACIÓN;PAGOS05022026.csv
5022026.0;1201918905.0;189362.0;5/02/2026;CONSIGNACIÓN;PAGOS05022026.csv
5022026.0;1224009596.0;1207775.0;5/02/2026;CONSIGNACIÓN;PAGOS05022026.csv
5022026.0;1224055249.0;806600.0;5/02/2026;TRANSFERENCIA;PAGOS05022026.csv
5022026.0;1224723658.0;166166.0;5/02/2026;CONSIGNACIÓN;PAGOS05022026.csv
5022026.0;1201272753.0;641057.0;5/02/2026;CONSIGNACIÓN;PAGOS05022026.csv
5022026.0;1224600637.0;247500.0;5/02/2026;CONSIGNACIÓN;PAGOS05022026.csv
5022026.0;1224448776.0;172400.0;5/02/2026;CONSIGNACIÓN;PAGOS05022026.csv
5022026.0;1202251487.0;229604.0;5/02/2026;CONSIGNACIÓN;PAGOS05022026.csv
5022026.0;1210181153.0;210050.0;5/02/2026;CONSIGNACIÓN;PAGOS05022026.csv
5022026.0;1201802082.0;692250.0;5/02/2026;CONSIGNACIÓN;PAGOS05022026.csv
5022026.0;1210748008.0;476795.0;5/02/2026;TRANSFERENCIA;PAGOS05022026.csv
5022026.0;1210138838.0;488746.0;5/02/2026;CONSIGNACIÓN;PAGOS05022026.csv
5022026.0;1210571044.0;783200.0;5/02/2026;CONSIGNACIÓN;PAGOS05022026.csv
5022026.0;1201869840.0;689750.0;5/02/2026;CONSIGNACIÓN;PAGOS05022026.csv
5022026.0;1210258423.0;1572833.0;5/02/2026;TRANSFERENCIA;PAGOS05022026.csv
5022026.0;1210575139.0;85000.0;5/02/2026;CONSIGNACIÓN;PAGOS05022026.csv
5022026.0;1210558376.0;50220.0;5/02/2026;CONSIGNACIÓN;PAGOS05022026.csv
5022026.0;1210558376.0;584256.0;5/02/2026;CONSIGNACIÓN;PAGOS05022026.csv
5022026.0;1210558376.0;29322.0;5/02/2026;CONSIGNACIÓN;PAGOS05022026.csv
5022026.0;1224209585.0;998300.0;5/02/2026;CONSIGNACIÓN;PAGOS05022026.csv
5022026.0;1210615268.0;462300.0;5/02/2026;CONSIGNACIÓN;PAGOS05022026.csv
5022026.0;1224575893.0;664970.0;5/02/2026;CONSIGNACIÓN;PAGOS05022026.csv
5022026.0;1224624175.0;298560.0;5/02/2026;WALLET;PAGOS05022026.csv
5022026.0;1210430107.0;2550100.0;5/02/2026;WALLET;PAGOS05022026.csv
5022026.0;1210159670.0;82600.0;5/02/2026;WALLET;PAGOS05022026.csv
5022026.0;1224606904.0;1098000.0;5/02/2026;WALLET;PAGOS05022026.csv
5022026.0;1210691227.0;818364.0;5/02/2026;WALLET;PAGOS05022026.csv
5022026.0;1224074134.0;124473.0;5/02/2026;WALLET;PAGOS05022026.csv
5022026.0;1210710435.0;593940.0;5/02/2026;WALLET;PAGOS05022026.csv
5022026.0;1202600388.0;355708.0;5/02/2026;WALLET;PAGOS05022026.csv
5022026.0;1224055267.0;353364.0;5/02/2026;WALLET;PAGOS05022026.csv
5022026.0;1224135850.0;1328525.0;5/02/2026;WALLET;PAGOS05022026.csv
5022026.0;1210519576.0;951729.0;5/02/2026;WALLET;PAGOS05022026.csv
5022026.0;1201685014.0;2877440.0;5/02/2026;WALLET;PAGOS05022026.csv
5022026.0;1224423773.0;521600.0;5/02/2026;WALLET;PAGOS05022026.csv
5022026.0;1224524604.0;1067934.0;5/02/2026;WALLET;PAGOS05022026.csv
5022026.0;1210194319.0;316254.0;5/02/2026;WALLET;PAGOS05022026.csv
5022026.0;1210101544.0;67013.0;5/02/2026;WALLET;PAGOS05022026.csv
5022026.0;1210287874.0;95850.0;5/02/2026;WALLET;PAGOS05022026.csv
5022026.0;1224685137.0;1460591.0;5/02/2026;WALLET;PAGOS05022026.csv
5022026.0;1210343880.0;53000.0;5/02/2026;WALLET;PAGOS05022026.csv
5022026.0;1224653914.0;133200.0;5/02/2026;WALLET;PAGOS05022026.csv
5022026.0;1224416372.0;294300.0;5/02/2026;WALLET;PAGOS05022026.csv
5022026.0;1224183882.0;835800.0;5/02/2026;WALLET;PAGOS05022026.csv
5022026.0;1224769787.0;66000.0;5/02/2026;WALLET;PAGOS05022026.csv
5022026.0;1224466436.0;83100.0;5/02/2026;WALLET;PAGOS05022026.csv
5022026.0;1224348634.0;461598.0;5/02/2026;WALLET;PAGOS05022026.csv
5022026.0;1224131782.0;229000.0;5/02/2026;WALLET;PAGOS05022026.csv
5022026.0;1224522716.0;2657545.0;5/02/2026;WALLET;PAGOS05022026.csv
5022026.0;1210644570.0;330750.0;5/02/2026;WALLET;PAGOS05022026.csv
5022026.0;1210453423.0;2552551.0;5/02/2026;WALLET;PAGOS05022026.csv
5022026.0;1210515812.0;164100.0;5/02/2026;WALLET;PAGOS05022026.csv
5022026.0;1224788040.0;664594.0;5/02/2026;WALLET;PAGOS05022026.csv
5022026.0;1210198723.0;262000.0;5/02/2026;WALLET;PAGOS05022026.csv
5022026.0;1224624892.0;563300.0;5/02/2026;WALLET;PAGOS05022026.csv
5022026.0;1224385679.0;147600.0;5/02/2026;WALLET;PAGOS05022026.csv
5022026.0;1224713776.0;217200.0;5/02/2026;WALLET;PAGOS05022026.csv
5022026.0;1210550896.0;604000.0;5/02/2026;WALLET;PAGOS05022026.csv
5022026.0;1224445945.0;1220200.0;5/02/2026;WALLET;PAGOS05022026.csv
5022026.0;1201349305.0;473633.0;5/02/2026;WALLET;PAGOS05022026.csv
5022026.0;1200564516.0;370200.0;5/02/2026;WALLET;PAGOS05022026.csv
5022026.0;1210614286.0;1570200.0;5/02/2026;WALLET;PAGOS05022026.csv
5022026.0;1210493488.0;378080.0;5/02/2026;WALLET;PAGOS05022026.csv
5022026.0;1224687077.0;701800.0;5/02/2026;WALLET;PAGOS05022026.csv
5022026.0;1224079482.0;1786700.0;5/02/2026;WALLET;PAGOS05022026.csv
5022026.0;1210575139.0;588700.0;5/02/2026;CONSIGNACIÓN;PAGOS05022026.csv
5022026.0;1209431035.0;4000000.0;5/02/2026;CONSIGNACIÓN;PAGOS05022026.csv
5022026.0;1209431035.0;2958000.0;5/02/2026;CONSIGNACIÓN;PAGOS05022026.csv
5022026.0;1209431035.0;1434800.0;5/02/2026;CONSIGNACIÓN;PAGOS05022026.csv
5022026.0;1209431035.0;1196600.0;5/02/2026;CONSIGNACIÓN;PAGOS05022026.csv
5022026.0;1224031110.0;599602.0;5/02/2026;CONSIGNACIÓN;PAGOS05022026.csv
5022026.0;1210646653.0;237625.0;5/02/2026;CONSIGNACIÓN;PAGOS05022026.csv
5022026.0;1224172697.0;178094.0;5/02/2026;CONSIGNACIÓN;PAGOS05022026.csv
5022026.0;1210307562.0;95000.0;5/02/2026;CONSIGNACIÓN;PAGOS05022026.csv
5022026.0;1224029012.0;1072352.0;5/02/2026;CONSIGNACIÓN;PAGOS05022026.csv
5022026.0;1224439061.0;1356400.0;5/02/2026;CONSIGNACIÓN;PAGOS05022026.csv
5022026.0;1200572849.0;608668.0;5/02/2026;CONSIGNACIÓN;PAGOS05022026.csv
5022026.0;1210433476.0;343900.0;5/02/2026;CONSIGNACIÓN;PAGOS05022026.csv
5022026.0;1224483658.0;1275000.0;5/02/2026;CONSIGNACIÓN;PAGOS05022026.csv
5022026.0;1210434992.0;1091200.0;5/02/2026;CONSIGNACIÓN;PAGOS05022026.csv
5022026.0;1224124095.0;45000.0;5/02/2026;CONSIGNACIÓN;PAGOS05022026.csv
5022026.0;1224124095.0;25921.0;5/02/2026;CONSIGNACIÓN;PAGOS05022026.csv
5022026.0;1210715079.0;3184440.0;5/02/2026;WALLET;PAGOS05022026.csv
5022026.0;1224759789.0;770489.0;5/02/2026;WALLET;PAGOS05022026.csv
5022026.0;1224548826.0;170500.0;5/02/2026;WALLET;PAGOS05022026.csv
5022026.0;1224545377.0;62500.0;5/02/2026;WALLET;PAGOS05022026.csv
5022026.0;1224281489.0;1558106.0;5/02/2026;WALLET;PAGOS05022026.csv
5022026.0;1210720119.0;68900.0;5/02/2026;WALLET;PAGOS05022026.csv
5022026.0;1224023928.0;104700.0;5/02/2026;WALLET;PAGOS05022026.csv
5022026.0;1224484707.0;310928.0;5/02/2026;WALLET;PAGOS05022026.csv
5022026.0;1200733705.0;1387105.0;5/02/2026;WALLET;PAGOS05022026.csv
5022026.0;1202483750.0;961700.0;5/02/2026;WALLET;PAGOS05022026.csv
5022026.0;1224043915.0;702500.0;5/02/2026;CONSIGNACIÓN;PAGOS05022026.csv
5022026.0;1210317064.0;525300.0;5/02/2026;CONSIGNACIÓN;PAGOS05022026.csv
5022026.0;1210285308.0;273500.0;5/02/2026;CONSIGNACIÓN;PAGOS05022026.csv
5022026.0;1224242031.0;195731.0;5/02/2026;CONSIGNACIÓN;PAGOS05022026.csv
5022026.0;1224185672.0;154000.0;5/02/2026;CONSIGNACIÓN;PAGOS05022026.csv
5022026.0;1224079655.0;152950.0;5/02/2026;CONSIGNACIÓN;PAGOS05022026.csv
;;;;;PAGOS05022026.csv
;;;;;PAGOS05022026.csv
;;;;;PAGOS05022026.csv
;;;;;PAGOS05022026.csv
;;;;;PAGOS05022026.csv
;;;;;PAGOS05022026.csv
;;;;;PAGOS05022026.csv
;;;;;PAGOS05022026.csv
;;;;;PAGOS05022026.csv
;;;;;PAGOS05022026.csv
;;;;;PAGOS05022026.csv
;;;;;PAGOS05022026.csv
;;;;;PAGOS05022026.csv
;;;;;PAGOS05022026.csv
;;;;;PAGOS05022026.csv
6022026.0;1200500940.0;297518.0;6/02/2026;CONSIGNACIÓN;PAGOS06012026.csv
6022026.0;1210196936.0;220700.0;6/02/2026;CONSIGNACIÓN;PAGOS06012026.csv
6022026.0;1210422238.0;165600.0;6/02/2026;CONSIGNACIÓN;PAGOS06012026.csv
6022026.0;1210196936.0;210300.0;6/02/2026;CONSIGNACIÓN;PAGOS06012026.csv
6022026.0;1201349089.0;66100.0;6/02/2026;CONSIGNACIÓN;PAGOS06012026.csv
6022026.0;1201349089.0;23092.0;6/02/2026;CONSIGNACIÓN;PAGOS06012026.csv
6022026.0;1201349089.0;18400.0;6/02/2026;CONSIGNACIÓN;PAGOS06012026.csv
6022026.0;1201349089.0;44160.0;6/02/2026;CONSIGNACIÓN;PAGOS06012026.csv
6022026.0;1224521486.0;263700.0;6/02/2026;CONSIGNACIÓN;PAGOS06012026.csv
6022026.0;1210721493.0;217100.0;6/02/2026;CONSIGNACIÓN;PAGOS06012026.csv
6022026.0;1224378287.0;210761.0;6/02/2026;CONSIGNACIÓN;PAGOS06012026.csv
6022026.0;1224205667.0;350100.0;6/02/2026;CONSIGNACIÓN;PAGOS06012026.csv
6022026.0;1210522973.0;99000.0;6/02/2026;CONSIGNACIÓN;PAGOS06012026.csv
6022026.0;1210152173.0;405500.0;6/02/2026;CONSIGNACIÓN;PAGOS06012026.csv
6022026.0;1224248533.0;259200.0;6/02/2026;CONSIGNACIÓN;PAGOS06012026.csv
6022026.0;1202263735.0;778253.0;6/02/2026;CONSIGNACIÓN;PAGOS06012026.csv
6022026.0;1224540705.0;302400.0;6/02/2026;CONSIGNACIÓN;PAGOS06012026.csv
6022026.0;1224448567.0;3513896.0;6/02/2026;CONSIGNACIÓN;PAGOS06012026.csv
6022026.0;1224349400.0;739000.0;6/02/2026;TRANSFERENCIA;PAGOS06012026.csv
6022026.0;1202610726.0;90524.0;6/02/2026;CONSIGNACIÓN;PAGOS06012026.csv
6022026.0;1210550874.0;76300.0;6/02/2026;CONSIGNACIÓN;PAGOS06012026.csv
6022026.0;1210043772.0;152515.0;6/02/2026;CONSIGNACIÓN;PAGOS06012026.csv
6022026.0;1202610622.0;222950.0;6/02/2026;CONSIGNACIÓN;PAGOS06012026.csv
6022026.0;1224621907.0;78800.0;6/02/2026;CONSIGNACIÓN;PAGOS06012026.csv
6022026.0;1224331224.0;795200.0;6/02/2026;CONSIGNACIÓN;PAGOS06012026.csv
6022026.0;1205265658.0;607916.0;6/02/2026;CONSIGNACIÓN;PAGOS06012026.csv
6022026.0;1224079158.0;1061300.0;6/02/2026;CONSIGNACIÓN;PAGOS06012026.csv
6022026.0;1201345531.0;101685.0;6/02/2026;CONSIGNACIÓN;PAGOS06012026.csv
6022026.0;1201345531.0;118785.0;6/02/2026;CONSIGNACIÓN;PAGOS06012026.csv
6022026.0;1210173571.0;220583.0;6/02/2026;CONSIGNACIÓN;PAGOS06012026.csv
6022026.0;1201916695.0;91150.0;6/02/2026;CONSIGNACIÓN;PAGOS06012026.csv
6022026.0;1210173571.0;100000.0;6/02/2026;CONSIGNACIÓN;PAGOS06012026.csv
6022026.0;1224637870.0;273981.0;6/02/2026;CONSIGNACIÓN;PAGOS06012026.csv
6022026.0;1201347521.0;175950.0;6/02/2026;CONSIGNACIÓN;PAGOS06012026.csv
6022026.0;1210576943.0;344872.0;6/02/2026;CONSIGNACIÓN;PAGOS06012026.csv
6022026.0;1210576943.0;18000.0;6/02/2026;CONSIGNACIÓN;PAGOS06012026.csv
6022026.0;1200497519.0;1472984.0;6/02/2026;CONSIGNACIÓN;PAGOS06012026.csv
6022026.0;1224639404.0;546120.0;6/02/2026;CONSIGNACIÓN;PAGOS06012026.csv
6022026.0;1224096608.0;156000.0;6/02/2026;CONSIGNACIÓN;PAGOS06012026.csv
6022026.0;1210691542.0;183100.0;6/02/2026;CONSIGNACIÓN;PAGOS06012026.csv
6022026.0;1224660355.0;718400.0;6/02/2026;CONSIGNACIÓN;PAGOS06012026.csv
6022026.0;1224431458.0;861107.0;6/02/2026;CONSIGNACIÓN;PAGOS06012026.csv
6022026.0;1224639808.0;278340.0;6/02/2026;TRANSFERENCIA;PAGOS06012026.csv
6022026.0;1201002988.0;382480.0;6/02/2026;CONSIGNACIÓN;PAGOS06012026.csv
6022026.0;1224068210.0;994800.0;6/02/2026;CONSIGNACIÓN;PAGOS06012026.csv
6022026.0;1210605031.0;242076.0;6/02/2026;CONSIGNACIÓN;PAGOS06012026.csv
6022026.0;1210194319.0;217221.0;6/02/2026;WALLET;PAGOS06012026.csv
6022026.0;1224498391.0;65200.0;6/02/2026;WALLET;PAGOS06012026.csv
6022026.0;1224452430.0;728070.0;6/02/2026;WALLET;PAGOS06012026.csv
6022026.0;1201273581.0;182000.0;6/02/2026;WALLET;PAGOS06012026.csv
6022026.0;1224351037.0;503890.0;6/02/2026;WALLET;PAGOS06012026.csv
6022026.0;1210567263.0;450929.0;6/02/2026;WALLET;PAGOS06012026.csv
6022026.0;1224452430.0;731005.0;6/02/2026;WALLET;PAGOS06012026.csv
6022026.0;1210644432.0;341815.0;6/02/2026;WALLET;PAGOS06012026.csv
6022026.0;1224422471.0;88368.0;6/02/2026;WALLET;PAGOS06012026.csv
6022026.0;1224276666.0;69900.0;6/02/2026;WALLET;PAGOS06012026.csv
6022026.0;1210567263.0;63912.0;6/02/2026;WALLET;PAGOS06012026.csv
6022026.0;1224546958.0;225923.0;6/02/2026;WALLET;PAGOS06012026.csv
6022026.0;1210701063.0;362363.0;6/02/2026;WALLET;PAGOS06012026.csv
6022026.0;1224576081.0;258196.0;6/02/2026;WALLET;PAGOS06012026.csv
6022026.0;1201365094.0;146400.0;6/02/2026;WALLET;PAGOS06012026.csv
6022026.0;1224073827.0;927200.0;6/02/2026;WALLET;PAGOS06012026.csv
6022026.0;1224224662.0;503120.0;6/02/2026;WALLET;PAGOS06012026.csv
6022026.0;1201683835.0;578584.0;6/02/2026;WALLET;PAGOS06012026.csv
6022026.0;1224330233.0;127500.0;6/02/2026;WALLET;PAGOS06012026.csv
6022026.0;1224698181.0;756720.0;6/02/2026;WALLET;PAGOS06012026.csv
6022026.0;1200419631.0;500363.0;6/02/2026;WALLET;PAGOS06012026.csv
6022026.0;1201399462.0;1181693.0;6/02/2026;WALLET;PAGOS06012026.csv
6022026.0;1200439625.0;74895.0;6/02/2026;WALLET;PAGOS06012026.csv
6022026.0;1210062422.0;2253199.0;6/02/2026;WALLET;PAGOS06012026.csv
6022026.0;1224116300.0;1739563.0;6/02/2026;WALLET;PAGOS06012026.csv
6022026.0;1224624585.0;1184400.0;6/02/2026;WALLET;PAGOS06012026.csv
6022026.0;1224639021.0;169837.0;6/02/2026;WALLET;PAGOS06012026.csv
6022026.0;1210519576.0;1003435.0;6/02/2026;WALLET;PAGOS06012026.csv
6022026.0;1224716538.0;778372.0;6/02/2026;WALLET;PAGOS06012026.csv
6022026.0;1224204776.0;261000.0;6/02/2026;WALLET;PAGOS06012026.csv
6022026.0;1224595619.0;162166.0;6/02/2026;WALLET;PAGOS06012026.csv
6022026.0;1224247370.0;95500.0;6/02/2026;WALLET;PAGOS06012026.csv
6022026.0;1224531503.0;307900.0;6/02/2026;WALLET;PAGOS06012026.csv
6022026.0;1224724809.0;340500.0;6/02/2026;CONSIGNACIÓN;PAGOS06012026.csv
6022026.0;1224346834.0;557600.0;6/02/2026;CONSIGNACIÓN;PAGOS06012026.csv
6022026.0;1210721617.0;54781.0;6/02/2026;CONSIGNACIÓN;PAGOS06012026.csv
6022026.0;1224731075.0;212000.0;6/02/2026;CONSIGNACIÓN;PAGOS06012026.csv
6022026.0;1200505498.0;508100.0;6/02/2026;CONSIGNACIÓN;PAGOS06012026.csv
6022026.0;1224387665.0;216300.0;6/02/2026;CONSIGNACIÓN;PAGOS06012026.csv
6022026.0;1210238344.0;583600.0;6/02/2026;CONSIGNACIÓN;PAGOS06012026.csv
6022026.0;1201535532.0;330085.0;6/02/2026;CONSIGNACIÓN;PAGOS06012026.csv
6022026.0;1201749913.0;138500.0;6/02/2026;CONSIGNACIÓN;PAGOS06012026.csv
6022026.0;1224749461.0;369599.0;6/02/2026;CONSIGNACIÓN;PAGOS06012026.csv
6022026.0;1224258185.0;100000.0;6/02/2026;CONSIGNACIÓN;PAGOS06012026.csv
6022026.0;1224258185.0;150000.0;6/02/2026;CONSIGNACIÓN;PAGOS06012026.csv
6022026.0;1224331573.0;1618800.0;6/02/2026;CONSIGNACIÓN;PAGOS06012026.csv
6022026.0;1210425938.0;629437.0;6/02/2026;CONSIGNACIÓN;PAGOS06012026.csv
6022026.0;1201749592.0;287200.0;6/02/2026;CONSIGNACIÓN;PAGOS06012026.csv
6022026.0;1201683572.0;244111.0;6/02/2026;CONSIGNACIÓN;PAGOS06012026.csv
6022026.0;1224327212.0;409000.0;6/02/2026;CONSIGNACIÓN;PAGOS06012026.csv
6022026.0;1210569888.0;260000.0;6/02/2026;CONSIGNACIÓN;PAGOS06012026.csv
6022026.0;1205001695.0;1391000.0;6/02/2026;CONSIGNACIÓN;PAGOS06012026.csv
6022026.0;1224320845.0;725600.0;6/02/2026;CONSIGNACIÓN;PAGOS06012026.csv
6022026.0;1201866770.0;566285.0;6/02/2026;CONSIGNACIÓN;PAGOS06012026.csv
6022026.0;1210690177.0;55856.0;6/02/2026;CONSIGNACIÓN;PAGOS06012026.csv
6022026.0;1224239401.0;130000.0;6/02/2026;CONSIGNACIÓN;PAGOS06012026.csv
6022026.0;1201687085.0;78800.0;6/02/2026;CONSIGNACIÓN;PAGOS06012026.csv
6022026.0;1210690177.0;32200.0;6/02/2026;CONSIGNACIÓN;PAGOS06012026.csv
6022026.0;1201687085.0;532200.0;6/02/2026;CONSIGNACIÓN;PAGOS06012026.csv
6022026.0;1224104297.0;125000.0;6/02/2026;CONSIGNACIÓN;PAGOS06012026.csv
6022026.0;1224219932.0;150500.0;6/02/2026;CONSIGNACIÓN;PAGOS06012026.csv
6022026.0;1210690177.0;26588.0;6/02/2026;CONSIGNACIÓN;PAGOS06012026.csv
6022026.0;1224382049.0;732400.0;6/02/2026;CONSIGNACIÓN;PAGOS06012026.csv
6022026.0;1224549069.0;629700.0;6/02/2026;CONSIGNACIÓN;PAGOS06012026.csv
6022026.0;1224325201.0;571800.0;6/02/2026;TRANSFERENCIA;PAGOS06012026.csv
6022026.0;1224791297.0;1088300.0;6/02/2026;CONSIGNACIÓN;PAGOS06012026.csv
6022026.0;1200670517.0;831880.0;6/02/2026;CONSIGNACIÓN;PAGOS06012026.csv
6022026.0;1224334469.0;632800.0;6/02/2026;CONSIGNACIÓN;PAGOS06012026.csv
6022026.0;1224432056.0;508300.0;6/02/2026;CONSIGNACIÓN;PAGOS06012026.csv
6022026.0;1210206124.0;76300.0;6/02/2026;CONSIGNACIÓN;PAGOS06012026.csv
6022026.0;1224174045.0;226484.0;6/02/2026;WALLET;PAGOS06012026.csv
6022026.0;1224479789.0;111750.0;6/02/2026;WALLET;PAGOS06012026.csv
6022026.0;1224632816.0;90200.0;6/02/2026;WALLET;PAGOS06012026.csv
6022026.0;1224482276.0;895300.0;6/02/2026;WALLET;PAGOS06012026.csv
6022026.0;1224103558.0;2373011.0;6/02/2026;WALLET;PAGOS06012026.csv
6022026.0;1210253473.0;210800.0;6/02/2026;WALLET;PAGOS06012026.csv
6022026.0;1210462433.0;301020.0;6/02/2026;WALLET;PAGOS06012026.csv
6022026.0;1224403248.0;130100.0;6/02/2026;WALLET;PAGOS06012026.csv
6022026.0;1210135991.0;507100.0;6/02/2026;WALLET;PAGOS06012026.csv
6022026.0;1210294250.0;982678.0;6/02/2026;WALLET;PAGOS06012026.csv
6022026.0;1224086360.0;882289.0;6/02/2026;WALLET;PAGOS06012026.csv
6022026.0;1200517017.0;1477336.0;6/02/2026;CONSIGNACIÓN;PAGOS06012026.csv
6022026.0;1224073786.0;1267520.0;6/02/2026;CONSIGNACIÓN;PAGOS06012026.csv
6022026.0;1210285308.0;761000.0;6/02/2026;CONSIGNACIÓN;PAGOS06012026.csv
6022026.0;1210504638.0;728000.0;6/02/2026;CONSIGNACIÓN;PAGOS06012026.csv
6022026.0;1224445025.0;578831.0;6/02/2026;CONSIGNACIÓN;PAGOS06012026.csv
6022026.0;1224145571.0;349968.0;6/02/2026;CONSIGNACIÓN;PAGOS06012026.csv
6022026.0;1224567505.0;190000.0;6/02/2026;CONSIGNACIÓN;PAGOS06012026.csv
6022026.0;1201905275.0;174500.0;6/02/2026;CONSIGNACIÓN;PAGOS06012026.csv
6022026.0;1201259915.0;164000.0;6/02/2026;CONSIGNACIÓN;PAGOS06012026.csv
6022026.0;1224222503.0;141800.0;6/02/2026;CONSIGNACIÓN;PAGOS06012026.csv
6022026.0;1224315869.0;95400.0;6/02/2026;CONSIGNACIÓN;PAGOS06012026.csv
;;;;;PAGOS06012026.csv
;;;;;PAGOS06012026.csv
;;;;;PAGOS06012026.csv
;;;;;PAGOS06012026.csv
;;;;;PAGOS06012026.csv
;;;;;PAGOS06012026.csv
;;;;;PAGOS06012026.csv
;;;;;PAGOS06012026.csv
;;;;;PAGOS06012026.csv
;;;;;PAGOS06012026.csv
;;;;;PAGOS06012026.csv
;;;;;PAGOS06012026.csv
;;;;;PAGOS06012026.csv
;;;;;PAGOS06012026.csv
;;;;;PAGOS06012026.csv
;;;;;PAGOS06012026.csv
;;;;;PAGOS06012026.csv
;;;;;PAGOS06012026.csv
;;;;;PAGOS06012026.csv
;;;;;PAGOS06012026.csv
;;;;;PAGOS06012026.csv
7022026.0;1205100568.0;215861.0;7/02/2026;CONSIGNACIÓN;PAGOS07012026.csv
7022026.0;1224038440.0;887039.0;7/02/2026;CONSIGNACIÓN;PAGOS07012026.csv
7022026.0;1224045661.0;82600.0;7/02/2026;CONSIGNACIÓN;PAGOS07012026.csv
7022026.0;1210616607.0;229900.0;7/02/2026;CONSIGNACIÓN;PAGOS07012026.csv
7022026.0;1224638290.0;85600.0;7/02/2026;CONSIGNACIÓN;PAGOS07012026.csv
7022026.0;1200548073.0;453776.0;7/02/2026;CONSIGNACIÓN;PAGOS07012026.csv
7022026.0;1201261562.0;902500.0;7/02/2026;CONSIGNACIÓN;PAGOS07012026.csv
7022026.0;1224396454.0;5752491.0;7/02/2026;CONSIGNACIÓN;PAGOS07012026.csv
7022026.0;1224077600.0;318031.0;7/02/2026;CONSIGNACIÓN;PAGOS07012026.csv
7022026.0;1210039259.0;4178700.0;7/02/2026;CONSIGNACIÓN;PAGOS07012026.csv
7022026.0;1210216008.0;98000.0;7/02/2026;CONSIGNACIÓN;PAGOS07012026.csv
7022026.0;1224032541.0;416060.0;7/02/2026;CONSIGNACIÓN;PAGOS07012026.csv
7022026.0;1224217606.0;236200.0;7/02/2026;CONSIGNACIÓN;PAGOS07012026.csv
7022026.0;1202615168.0;238039.0;7/02/2026;CONSIGNACIÓN;PAGOS07012026.csv
7022026.0;1200619645.0;621373.0;7/02/2026;CONSIGNACIÓN;PAGOS07012026.csv
7022026.0;1210425938.0;749947.0;7/02/2026;CONSIGNACIÓN;PAGOS07012026.csv
7022026.0;1200505498.0;90300.0;7/02/2026;CONSIGNACIÓN;PAGOS07012026.csv
7022026.0;1200505498.0;90900.0;7/02/2026;CONSIGNACIÓN;PAGOS07012026.csv
7022026.0;1200505498.0;110800.0;7/02/2026;CONSIGNACIÓN;PAGOS07012026.csv
7022026.0;1200518507.0;161600.0;7/02/2026;CONSIGNACIÓN;PAGOS07012026.csv
7022026.0;1210737917.0;309700.0;7/02/2026;CONSIGNACIÓN;PAGOS07012026.csv
7022026.0;1224178047.0;283432.0;7/02/2026;CONSIGNACIÓN;PAGOS07012026.csv
7022026.0;1224599427.0;1899750.0;7/02/2026;CONSIGNACIÓN;PAGOS07012026.csv
7022026.0;1224174668.0;133800.0;7/02/2026;CONSIGNACIÓN;PAGOS07012026.csv
7022026.0;1224174668.0;343800.0;7/02/2026;CONSIGNACIÓN;PAGOS07012026.csv
7022026.0;1201272753.0;677084.0;7/02/2026;CONSIGNACIÓN;PAGOS07012026.csv
7022026.0;1224174668.0;148800.0;7/02/2026;CONSIGNACIÓN;PAGOS07012026.csv
7022026.0;1224174668.0;122100.0;7/02/2026;CONSIGNACIÓN;PAGOS07012026.csv
7022026.0;1224174668.0;151700.0;7/02/2026;CONSIGNACIÓN;PAGOS07012026.csv
7022026.0;1224174668.0;143200.0;7/02/2026;CONSIGNACIÓN;PAGOS07012026.csv
7022026.0;1224174668.0;152800.0;7/02/2026;CONSIGNACIÓN;PAGOS07012026.csv
7022026.0;1224174502.0;119900.0;7/02/2026;CONSIGNACIÓN;PAGOS07012026.csv
7022026.0;1224531967.0;427688.0;7/02/2026;CONSIGNACIÓN;PAGOS07012026.csv
7022026.0;1210524516.0;270552.0;7/02/2026;CONSIGNACIÓN;PAGOS07012026.csv
7022026.0;1224411512.0;400142.0;7/02/2026;WALLET;PAGOS07012026.csv
7022026.0;1200665096.0;279100.0;7/02/2026;WALLET;PAGOS07012026.csv
7022026.0;1224615530.0;305700.0;7/02/2026;WALLET;PAGOS07012026.csv
7022026.0;1224242112.0;940900.0;7/02/2026;WALLET;PAGOS07012026.csv
7022026.0;1202609947.0;844757.0;7/02/2026;WALLET;PAGOS07012026.csv
7022026.0;1224322002.0;1084238.0;7/02/2026;WALLET;PAGOS07012026.csv
7022026.0;1224605769.0;594400.0;7/02/2026;WALLET;PAGOS07012026.csv
7022026.0;1224132413.0;305100.0;7/02/2026;WALLET;PAGOS07012026.csv
7022026.0;1201682490.0;352856.0;7/02/2026;WALLET;PAGOS07012026.csv
7022026.0;1200748676.0;214738.0;7/02/2026;WALLET;PAGOS07012026.csv
7022026.0;1224075363.0;1001973.0;7/02/2026;WALLET;PAGOS07012026.csv
7022026.0;1224527697.0;943300.0;7/02/2026;WALLET;PAGOS07012026.csv
7022026.0;1210154094.0;1343900.0;7/02/2026;WALLET;PAGOS07012026.csv
7022026.0;1210181153.0;210050.0;7/02/2026;WALLET;PAGOS07012026.csv
7022026.0;1210515812.0;156750.0;7/02/2026;WALLET;PAGOS07012026.csv
7022026.0;1201375989.0;282671.0;7/02/2026;WALLET;PAGOS07012026.csv
7022026.0;1224524604.0;410400.0;7/02/2026;WALLET;PAGOS07012026.csv
7022026.0;1210119255.0;515200.0;7/02/2026;WALLET;PAGOS07012026.csv
7022026.0;1210644432.0;261047.0;7/02/2026;WALLET;PAGOS07012026.csv
7022026.0;1224624175.0;160000.0;7/02/2026;WALLET;PAGOS07012026.csv
7022026.0;1205101082.0;811306.0;7/02/2026;WALLET;PAGOS07012026.csv
7022026.0;1205101082.0;271405.0;7/02/2026;WALLET;PAGOS07012026.csv
7022026.0;1201531594.0;291631.0;7/02/2026;WALLET;PAGOS07012026.csv
7022026.0;1224342748.0;1761200.0;7/02/2026;WALLET;PAGOS07012026.csv
7022026.0;1200990015.0;339000.0;7/02/2026;WALLET;PAGOS07012026.csv
7022026.0;1224007425.0;1814331.0;7/02/2026;WALLET;PAGOS07012026.csv
7022026.0;1224157982.0;86300.0;7/02/2026;WALLET;PAGOS07012026.csv
7022026.0;1210198723.0;141490.0;7/02/2026;WALLET;PAGOS07012026.csv
7022026.0;1210194319.0;358050.0;7/02/2026;WALLET;PAGOS07012026.csv
7022026.0;1210490265.0;183599.0;7/02/2026;WALLET;PAGOS07012026.csv
7022026.0;1210660729.0;419995.0;7/02/2026;WALLET;PAGOS07012026.csv
7022026.0;1224054950.0;376000.0;7/02/2026;CONSIGNACIÓN;PAGOS07012026.csv
7022026.0;1201061524.0;82500.0;7/02/2026;CONSIGNACIÓN;PAGOS07012026.csv
7022026.0;1210283551.0;918190.0;7/02/2026;CONSIGNACIÓN;PAGOS07012026.csv
7022026.0;1224069349.0;174000.0;7/02/2026;CONSIGNACIÓN;PAGOS07012026.csv
7022026.0;1210579074.0;496100.0;7/02/2026;CONSIGNACIÓN;PAGOS07012026.csv
7022026.0;1224252381.0;54000.0;7/02/2026;CONSIGNACIÓN;PAGOS07012026.csv
7022026.0;1202600614.0;472950.0;7/02/2026;CONSIGNACIÓN;PAGOS07012026.csv
7022026.0;1210576943.0;276241.0;7/02/2026;CONSIGNACIÓN;PAGOS07012026.csv
7022026.0;1224043883.0;287900.0;7/02/2026;CONSIGNACIÓN;PAGOS07012026.csv
7022026.0;1202614929.0;111000.0;7/02/2026;CONSIGNACIÓN;PAGOS07012026.csv
7022026.0;1224755464.0;377900.0;7/02/2026;CONSIGNACIÓN;PAGOS07012026.csv
7022026.0;1200804583.0;1585512.0;7/02/2026;CONSIGNACIÓN;PAGOS07012026.csv
7022026.0;1200993512.0;613900.0;7/02/2026;CONSIGNACIÓN;PAGOS07012026.csv
7022026.0;1224641708.0;524800.0;7/02/2026;CONSIGNACIÓN;PAGOS07012026.csv
7022026.0;1224596606.0;154200.0;7/02/2026;CONSIGNACIÓN;PAGOS07012026.csv
7022026.0;1224128122.0;437500.0;7/02/2026;WALLET;PAGOS07012026.csv
7022026.0;1202483750.0;775500.0;7/02/2026;WALLET;PAGOS07012026.csv
7022026.0;1224069097.0;3774300.0;7/02/2026;WALLET;PAGOS07012026.csv
7022026.0;1224540254.0;1192000.0;7/02/2026;CONSIGNACIÓN;PAGOS07012026.csv
7022026.0;1210490265.0;900885.0;7/02/2026;WALLET;PAGOS07012026.csv
;;;;;PAGOS07012026.csv
;;;;;PAGOS07012026.csv
;;;;;PAGOS07012026.csv
;;;;;PAGOS07012026.csv
;;;;;PAGOS07012026.csv
;;;;;PAGOS07012026.csv
;;;;;PAGOS07012026.csv
;;;;;PAGOS07012026.csv
;;;;;PAGOS07012026.csv
;;;;;PAGOS07012026.csv
;;;;;PAGOS07012026.csv
;;;;;PAGOS07012026.csv
;;;;;PAGOS07012026.csv
;;;;;PAGOS07012026.csv
;;;;;PAGOS07012026.csv
;;;;;PAGOS07012026.csv
;;;;;PAGOS07012026.csv
;;;;;PAGOS07012026.csv
;;;;;PAGOS07012026.csv
;;;;;PAGOS07012026.csv
;;;;;PAGOS07012026.csv
;;;;;PAGOS07012026.csv
;;;;;PAGOS07012026.csv
;;;;;PAGOS07012026.csv
;;;;;PAGOS07012026.csv
;;;;;PAGOS07012026.csv
;;;;;PAGOS07012026.csv
;;;;;PAGOS07012026.csv
;;;;;PAGOS07012026.csv
;;;;;PAGOS07012026.csv
;;;;;PAGOS07012026.csv
;;;;;PAGOS07012026.csv
;;;;;PAGOS07012026.csv
;;;;;PAGOS07012026.csv
;;;;;PAGOS07012026.csv
;;;;;PAGOS07012026.csv
;;;;;PAGOS07012026.csv
;;;;;PAGOS07012026.csv
;;;;;PAGOS07012026.csv
;;;;;PAGOS07012026.csv
;;;;;PAGOS07012026.csv
;;;;;PAGOS07012026.csv
;;;;;PAGOS07012026.csv
;;;;;PAGOS07012026.csv
;;;;;PAGOS07012026.csv
;;;;;PAGOS07012026.csv
;;;;;PAGOS07012026.csv
;;;;;PAGOS07012026.csv
;;;;;PAGOS07012026.csv
;;;;;PAGOS07012026.csv
;;;;;PAGOS07012026.csv
;;;;;PAGOS07012026.csv
;;;;;PAGOS07012026.csv
;;;;;PAGOS07012026.csv
;;;;;PAGOS07012026.csv
;;;;;PAGOS07012026.csv
;;;;;PAGOS07012026.csv
;;;;;PAGOS07012026.csv
;;;;;PAGOS07012026.csv
;;;;;PAGOS07012026.csv
;;;;;PAGOS07012026.csv
;;;;;PAGOS07012026.csv
;;;;;PAGOS07012026.csv
;;;;;PAGOS07012026.csv
;;;;;PAGOS07012026.csv
;;;;;PAGOS07012026.csv
;;;;;PAGOS07012026.csv
;;;;;PAGOS07012026.csv
;;;;;PAGOS07012026.csv
;;;;;PAGOS07012026.csv
;;;;;PAGOS07012026.csv
;;;;;PAGOS07012026.csv
;;;;;PAGOS07012026.csv
;;;;;PAGOS07012026.csv
9022026.0;1210544567.0;297372.0;9/02/2026;CONSIGNACIÓN;PAGOS09012026.csv
9022026.0;1210544567.0;483912.0;9/02/2026;CONSIGNACIÓN;PAGOS09012026.csv
9022026.0;1224380437.0;1623550.0;9/02/2026;CONSIGNACIÓN;PAGOS09012026.csv
9022026.0;1224380437.0;1158100.0;9/02/2026;CONSIGNACIÓN;PAGOS09012026.csv
9022026.0;1224413349.0;149200.0;9/02/2026;CONSIGNACIÓN;PAGOS09012026.csv
9022026.0;1224069308.0;286685.0;9/02/2026;CONSIGNACIÓN;PAGOS09012026.csv
9022026.0;1224216179.0;265100.0;9/02/2026;CONSIGNACIÓN;PAGOS09012026.csv
9022026.0;1210672886.0;406785.0;9/02/2026;CONSIGNACIÓN;PAGOS09012026.csv
9022026.0;1224157463.0;56350.0;9/02/2026;CONSIGNACIÓN;PAGOS09012026.csv
9022026.0;1201873058.0;618000.0;9/02/2026;CONSIGNACIÓN;PAGOS09012026.csv
9022026.0;1224066464.0;132600.0;9/02/2026;CONSIGNACIÓN;PAGOS09012026.csv
9022026.0;1224518138.0;220000.0;9/02/2026;CONSIGNACIÓN;PAGOS09012026.csv
9022026.0;1224492968.0;195450.0;9/02/2026;CONSIGNACIÓN;PAGOS09012026.csv
9022026.0;1224433437.0;502400.0;9/02/2026;CONSIGNACIÓN;PAGOS09012026.csv
9022026.0;1224104844.0;52900.0;9/02/2026;CONSIGNACIÓN;PAGOS09012026.csv
9022026.0;1201918905.0;148400.0;9/02/2026;CONSIGNACIÓN;PAGOS09012026.csv
9022026.0;1210323096.0;176711.0;9/02/2026;CONSIGNACIÓN;PAGOS09012026.csv
9022026.0;1224458359.0;219400.0;9/02/2026;CONSIGNACIÓN;PAGOS09012026.csv
9022026.0;1224027288.0;640400.0;9/02/2026;CONSIGNACIÓN;PAGOS09012026.csv
9022026.0;1224681748.0;111700.0;9/02/2026;CONSIGNACIÓN;PAGOS09012026.csv
9022026.0;1224681748.0;795000.0;9/02/2026;CONSIGNACIÓN;PAGOS09012026.csv
9022026.0;1224599427.0;1234700.0;9/02/2026;CONSIGNACIÓN;PAGOS09012026.csv
9022026.0;1202602015.0;264000.0;9/02/2026;CONSIGNACIÓN;PAGOS09012026.csv
9022026.0;1224681748.0;694000.0;9/02/2026;CONSIGNACIÓN;PAGOS09012026.csv
9022026.0;1224599427.0;501811.0;9/02/2026;CONSIGNACIÓN;PAGOS09012026.csv
9022026.0;1210024158.0;211900.0;9/02/2026;CONSIGNACIÓN;PAGOS09012026.csv
9022026.0;1202602015.0;421200.0;9/02/2026;CONSIGNACIÓN;PAGOS09012026.csv
9022026.0;1200297512.0;744600.0;9/02/2026;CONSIGNACIÓN;PAGOS09012026.csv
9022026.0;1200647383.0;386300.0;9/02/2026;CONSIGNACIÓN;PAGOS09012026.csv
9022026.0;1201379867.0;281760.0;9/02/2026;CONSIGNACIÓN;PAGOS09012026.csv
9022026.0;1224030239.0;188500.0;9/02/2026;CONSIGNACIÓN;PAGOS09012026.csv
9022026.0;1224012461.0;350000.0;9/02/2026;CONSIGNACIÓN;PAGOS09012026.csv
9022026.0;1210196936.0;242760.0;9/02/2026;CONSIGNACIÓN;PAGOS09012026.csv
9022026.0;1210625375.0;1731607.0;9/02/2026;CONSIGNACIÓN;PAGOS09012026.csv
9022026.0;1210080294.0;1253400.0;9/02/2026;CONSIGNACIÓN;PAGOS09012026.csv
9022026.0;1224316047.0;70000.0;9/02/2026;CONSIGNACIÓN;PAGOS09012026.csv
9022026.0;1200600543.0;2000000.0;9/02/2026;CONSIGNACIÓN;PAGOS09012026.csv
9022026.0;1210168190.0;283900.0;9/02/2026;CONSIGNACIÓN;PAGOS09012026.csv
9022026.0;1201804252.0;206295.0;9/02/2026;CONSIGNACIÓN;PAGOS09012026.csv
9022026.0;1201348333.0;273000.0;9/02/2026;CONSIGNACIÓN;PAGOS09012026.csv
9022026.0;1224755464.0;394400.0;9/02/2026;CONSIGNACIÓN;PAGOS09012026.csv
9022026.0;1201916695.0;79850.0;9/02/2026;CONSIGNACIÓN;PAGOS09012026.csv
9022026.0;1202136365.0;2357613.0;9/02/2026;CONSIGNACIÓN;PAGOS09012026.csv
9022026.0;1201923852.0;190550.0;9/02/2026;CONSIGNACIÓN;PAGOS09012026.csv
9022026.0;1224483658.0;785800.0;9/02/2026;CONSIGNACIÓN;PAGOS09012026.csv
9022026.0;1224156751.0;414756.0;9/02/2026;CONSIGNACIÓN;PAGOS09012026.csv
9022026.0;1210639119.0;268693.0;9/02/2026;CONSIGNACIÓN;PAGOS09012026.csv
9022026.0;1210639119.0;895700.0;9/02/2026;CONSIGNACIÓN;PAGOS09012026.csv
9022026.0;1201539881.0;68900.0;9/02/2026;CONSIGNACIÓN;PAGOS09012026.csv
9022026.0;1202610622.0;218700.0;9/02/2026;CONSIGNACIÓN;PAGOS09012026.csv
9022026.0;1224420888.0;410300.0;9/02/2026;CONSIGNACIÓN;PAGOS09012026.csv
9022026.0;1224174153.0;1623800.0;9/02/2026;CONSIGNACIÓN;PAGOS09012026.csv
9022026.0;1210613556.0;268250.0;9/02/2026;CONSIGNACIÓN;PAGOS09012026.csv
9022026.0;1210561390.0;248500.0;9/02/2026;CONSIGNACIÓN;PAGOS09012026.csv
9022026.0;1200670517.0;72956.0;9/02/2026;CONSIGNACIÓN;PAGOS09012026.csv
9022026.0;1210737917.0;309700.0;9/02/2026;CONSIGNACIÓN;PAGOS09012026.csv
9022026.0;1224489927.0;96250.0;9/02/2026;CONSIGNACIÓN;PAGOS09012026.csv
9022026.0;1202608894.0;499800.0;9/02/2026;CONSIGNACIÓN;PAGOS09012026.csv
9022026.0;1224489401.0;57000.0;9/02/2026;CONSIGNACIÓN;PAGOS09012026.csv
9022026.0;1224472956.0;853500.0;9/02/2026;CONSIGNACIÓN;PAGOS09012026.csv
9022026.0;1210575551.0;147900.0;9/02/2026;CONSIGNACIÓN;PAGOS09012026.csv
9022026.0;1224482226.0;502000.0;9/02/2026;CONSIGNACIÓN;PAGOS09012026.csv
9022026.0;1224470971.0;392541.0;9/02/2026;CONSIGNACIÓN;PAGOS09012026.csv
9022026.0;1224795140.0;216800.0;9/02/2026;WALLET;PAGOS09012026.csv
9022026.0;1224716538.0;186398.0;9/02/2026;WALLET;PAGOS09012026.csv
9022026.0;1224577847.0;100700.0;9/02/2026;WALLET;PAGOS09012026.csv
9022026.0;1224445945.0;1774300.0;9/02/2026;WALLET;PAGOS09012026.csv
9022026.0;1224565004.0;1938693.0;9/02/2026;WALLET;PAGOS09012026.csv
9022026.0;1224177489.0;386594.0;9/02/2026;WALLET;PAGOS09012026.csv
9022026.0;1224206306.0;919000.0;9/02/2026;WALLET;PAGOS09012026.csv
9022026.0;1210567263.0;482724.0;9/02/2026;WALLET;PAGOS09012026.csv
9022026.0;1210734752.0;313085.0;9/02/2026;WALLET;PAGOS09012026.csv
9022026.0;1224799468.0;533922.0;9/02/2026;WALLET;PAGOS09012026.csv
9022026.0;1200358832.0;69064.0;9/02/2026;WALLET;PAGOS09012026.csv
9022026.0;1210614430.0;985658.0;9/02/2026;WALLET;PAGOS09012026.csv
9022026.0;1210507105.0;1402600.0;9/02/2026;WALLET;PAGOS09012026.csv
9022026.0;1210292498.0;629700.0;9/02/2026;WALLET;PAGOS09012026.csv
9022026.0;1210549478.0;966967.0;9/02/2026;WALLET;PAGOS09012026.csv
9022026.0;1224422471.0;109500.0;9/02/2026;WALLET;PAGOS09012026.csv
9022026.0;1201399462.0;673790.0;9/02/2026;WALLET;PAGOS09012026.csv
9022026.0;1224464296.0;240467.0;9/02/2026;WALLET;PAGOS09012026.csv
9022026.0;1210356013.0;538222.0;9/02/2026;WALLET;PAGOS09012026.csv
9022026.0;1210253473.0;419100.0;9/02/2026;WALLET;PAGOS09012026.csv
9022026.0;1224182517.0;200500.0;9/02/2026;WALLET;PAGOS09012026.csv
9022026.0;1224097080.0;258660.0;9/02/2026;WALLET;PAGOS09012026.csv
9022026.0;1224517821.0;135000.0;9/02/2026;WALLET;PAGOS09012026.csv
9022026.0;1210536905.0;105100.0;9/02/2026;WALLET;PAGOS09012026.csv
9022026.0;1201375185.0;1172500.0;9/02/2026;WALLET;PAGOS09012026.csv
9022026.0;1224592772.0;360060.0;9/02/2026;WALLET;PAGOS09012026.csv
9022026.0;1224731980.0;82500.0;9/02/2026;WALLET;PAGOS09012026.csv
9022026.0;1224015311.0;62500.0;9/02/2026;WALLET;PAGOS09012026.csv
9022026.0;1200370768.0;476600.0;9/02/2026;WALLET;PAGOS09012026.csv
9022026.0;1224074687.0;517918.0;9/02/2026;WALLET;PAGOS09012026.csv
9022026.0;1210644570.0;305200.0;9/02/2026;WALLET;PAGOS09012026.csv
9022026.0;1224340495.0;192700.0;9/02/2026;WALLET ;PAGOS09012026.csv
9022026.0;1210367797.0;244500.0;9/02/2026;WALLET ;PAGOS09012026.csv
9022026.0;1224653914.0;225900.0;9/02/2026;WALLET ;PAGOS09012026.csv
9022026.0;1224211625.0;2706243.0;9/02/2026;WALLET ;PAGOS09012026.csv
9022026.0;1224450079.0;183100.0;9/02/2026;WALLET ;PAGOS09012026.csv
9022026.0;1200522473.0;375781.0;9/02/2026;WALLET ;PAGOS09012026.csv
9022026.0;1210008514.0;185200.0;9/02/2026;WALLET ;PAGOS09012026.csv
9022026.0;1210129095.0;96601.0;9/02/2026;WALLET ;PAGOS09012026.csv
9022026.0;1210206526.0;100000.0;9/02/2026;WALLET ;PAGOS09012026.csv
9022026.0;1224017237.0;258664.0;9/02/2026;WALLET ;PAGOS09012026.csv
9022026.0;1210614364.0;90000.0;9/02/2026;WALLET ;PAGOS09012026.csv
9022026.0;1224584522.0;482164.0;9/02/2026;WALLET ;PAGOS09012026.csv
9022026.0;1224452430.0;500670.0;9/02/2026;WALLET ;PAGOS09012026.csv
9022026.0;1210329747.0;583028.0;9/02/2026;WALLET ;PAGOS09012026.csv
9022026.0;1200517017.0;1021205.0;9/02/2026;CONSIGNACIÓN;PAGOS09012026.csv
9022026.0;1210180334.0;621936.0;9/02/2026;CONSIGNACIÓN;PAGOS09012026.csv
9022026.0;1210152173.0;79500.0;9/02/2026;CONSIGNACIÓN;PAGOS09012026.csv
9022026.0;1210488891.0;1141200.0;9/02/2026;TRANSFERENCIA;PAGOS09012026.csv
9022026.0;1224172697.0;171241.0;9/02/2026;CONSIGNACIÓN;PAGOS09012026.csv
9022026.0;1202263735.0;561952.0;9/02/2026;CONSIGNACIÓN;PAGOS09012026.csv
9022026.0;1224646062.0;1966170.0;9/02/2026;TRANSFERENCIA;PAGOS09012026.csv
9022026.0;1224544501.0;351956.0;9/02/2026;CONSIGNACIÓN;PAGOS09012026.csv
9022026.0;1224223937.0;1367500.0;9/02/2026;CONSIGNACIÓN;PAGOS09012026.csv
9022026.0;1224473808.0;70100.0;9/02/2026;CONSIGNACIÓN;PAGOS09012026.csv
9022026.0;1224489013.0;2945819.0;9/02/2026;CONSIGNACIÓN;PAGOS09012026.csv
9022026.0;1210106469.0;3000000.0;9/02/2026;CONSIGNACIÓN;PAGOS09012026.csv
9022026.0;1224178047.0;257700.0;9/02/2026;CONSIGNACIÓN;PAGOS09012026.csv
9022026.0;1224243288.0;195100.0;9/02/2026;CONSIGNACIÓN;PAGOS09012026.csv
9022026.0;1201804252.0;206295.0;9/02/2026;CONSIGNACIÓN;PAGOS09012026.csv
9022026.0;1210156805.0;319500.0;9/02/2026;CONSIGNACIÓN;PAGOS09012026.csv
9022026.0;1210433476.0;43020.0;9/02/2026;CONSIGNACIÓN;PAGOS09012026.csv
9022026.0;1224099844.0;80000.0;9/02/2026;CONSIGNACIÓN;PAGOS09012026.csv
9022026.0;1210516154.0;148500.0;9/02/2026;TRANSFERENCIA;PAGOS09012026.csv
9022026.0;1224693237.0;165000.0;9/02/2026;TRANSFERENCIA;PAGOS09012026.csv
9022026.0;1224493384.0;1127200.0;9/02/2026;TRANSFERENCIA;PAGOS09012026.csv
9022026.0;1224204344.0;1957735.0;9/02/2026;CONSIGNACIÓN;PAGOS09012026.csv
9022026.0;1210088571.0;145500.0;9/02/2026;CONSIGNACIÓN;PAGOS09012026.csv
9022026.0;1224665242.0;742500.0;9/02/2026;TRANSFERENCIA;PAGOS09012026.csv
9022026.0;1210425938.0;762516.0;9/02/2026;CONSIGNACIÓN;PAGOS09012026.csv
9022026.0;1200014272.0;298150.0;9/02/2026;CONSIGNACIÓN;PAGOS09012026.csv
9022026.0;1224331170.0;554200.0;9/02/2026;CONSIGNACIÓN;PAGOS09012026.csv
9022026.0;1200014272.0;164934.0;9/02/2026;CONSIGNACIÓN;PAGOS09012026.csv
9022026.0;1224439061.0;945900.0;9/02/2026;CONSIGNACIÓN;PAGOS09012026.csv
9022026.0;1200548593.0;677700.0;9/02/2026;CONSIGNACIÓN;PAGOS09012026.csv
9022026.0;1210618442.0;306900.0;9/02/2026;CONSIGNACIÓN;PAGOS09012026.csv
9022026.0;1210087416.0;415000.0;9/02/2026;CONSIGNACIÓN;PAGOS09012026.csv
9022026.0;1224575269.0;655780.0;9/02/2026;CONSIGNACIÓN;PAGOS09012026.csv
9022026.0;1200014272.0;509906.0;9/02/2026;CONSIGNACIÓN;PAGOS09012026.csv
9022026.0;1224067748.0;1350000.0;9/02/2026;CONSIGNACIÓN;PAGOS09012026.csv
9022026.0;1224174502.0;139900.0;9/02/2026;CONSIGNACIÓN;PAGOS09012026.csv
9022026.0;1224437568.0;1274062.0;9/02/2026;CONSIGNACIÓN;PAGOS09012026.csv
9022026.0;1210232115.0;1275804.0;9/02/2026;CONSIGNACIÓN;PAGOS09012026.csv
9022026.0;1224124095.0;66240.0;9/02/2026;CONSIGNACIÓN;PAGOS09012026.csv
9022026.0;1224175216.0;82600.0;9/02/2026;CONSIGNACIÓN;PAGOS09012026.csv
9022026.0;1224124095.0;70000.0;9/02/2026;CONSIGNACIÓN;PAGOS09012026.csv
9022026.0;1224175216.0;58685.0;9/02/2026;CONSIGNACIÓN;PAGOS09012026.csv
9022026.0;1210543324.0;95000.0;9/02/2026;CONSIGNACIÓN;PAGOS09012026.csv
9022026.0;1224236577.0;968614.0;9/02/2026;CONSIGNACIÓN;PAGOS09012026.csv
9022026.0;1224298751.0;2689499.0;9/02/2026;CONSIGNACIÓN;PAGOS09012026.csv
9022026.0;1201346424.0;319050.0;9/02/2026;CONSIGNACIÓN;PAGOS09012026.csv
9022026.0;1224721153.0;2628000.0;9/02/2026;CONSIGNACIÓN;PAGOS09012026.csv
9022026.0;1224091119.0;1083563.0;9/02/2026;WALLET;PAGOS09012026.csv
9022026.0;1224385372.0;278800.0;9/02/2026;WALLET;PAGOS09012026.csv
9022026.0;1210014538.0;90000.0;9/02/2026;WALLET;PAGOS09012026.csv
9022026.0;1224594257.0;2116800.0;9/02/2026;WALLET;PAGOS09012026.csv
9022026.0;1224504412.0;288900.0;9/02/2026;WALLET;PAGOS09012026.csv
9022026.0;1224698181.0;709023.0;9/02/2026;WALLET;PAGOS09012026.csv
9022026.0;1224460638.0;1820581.0;9/02/2026;WALLET;PAGOS09012026.csv
9022026.0;1224211126.0;50000.0;9/02/2026;WALLET;PAGOS09012026.csv
9022026.0;1224234511.0;1635884.0;9/02/2026;WALLET;PAGOS09012026.csv
9022026.0;1210495377.0;295600.0;9/02/2026;WALLET;PAGOS09012026.csv
9022026.0;1224691688.0;436501.0;9/02/2026;WALLET;PAGOS09012026.csv
9022026.0;1224508213.0;588700.0;9/02/2026;WALLET;PAGOS09012026.csv
9022026.0;1224810942.0;982279.0;9/02/2026;WALLET;PAGOS09012026.csv
9022026.0;1224634951.0;65000.0;9/02/2026;WALLET;PAGOS09012026.csv
9022026.0;1210276145.0;251483.0;9/02/2026;WALLET;PAGOS09012026.csv
9022026.0;1224634951.0;68800.0;9/02/2026;WALLET;PAGOS09012026.csv
9022026.0;1210481206.0;4140500.0;9/02/2026;WALLET;PAGOS09012026.csv
9022026.0;1224536114.0;260000.0;9/02/2026;WALLET;PAGOS09012026.csv
9022026.0;1224101099.0;483420.0;9/02/2026;WALLET;PAGOS09012026.csv
